-- phpMyAdmin SQL Dump
-- version phpStudy 2014
-- http://www.phpmyadmin.net
--
-- ä¸»æœº: localhost
-- ç”Ÿæˆæ—¥æœŸ: 2018 å¹?09 æœ?19 æ—?08:52
-- æœåŠ¡å™¨ç‰ˆæœ¬: 5.5.53
-- PHP ç‰ˆæœ¬: 5.6.27

SET SQL_MODE="NO_AUTO_VALUE_ON_ZERO";
SET time_zone = "+00:00";


/*!40101 SET @OLD_CHARACTER_SET_CLIENT=@@CHARACTER_SET_CLIENT */;
/*!40101 SET @OLD_CHARACTER_SET_RESULTS=@@CHARACTER_SET_RESULTS */;
/*!40101 SET @OLD_COLLATION_CONNECTION=@@COLLATION_CONNECTION */;
/*!40101 SET NAMES utf8 */;

--
-- æ•°æ®åº“: `finecms`
--

-- --------------------------------------------------------

--
-- è¡¨çš„ç»“æ„ `fn_1_block`
--

CREATE TABLE IF NOT EXISTS `fn_1_block` (
  `id` smallint(5) unsigned NOT NULL AUTO_INCREMENT,
  `name` varchar(100) NOT NULL COMMENT 'èµ„æ–™å—åç§°',
  `content` text NOT NULL COMMENT 'å†…å®¹',
  PRIMARY KEY (`id`)
) ENGINE=MyISAM  DEFAULT CHARSET=utf8 COMMENT='èµ„æ–™å—è¡¨' AUTO_INCREMENT=4 ;

-- --------------------------------------------------------

--
-- è¡¨çš„ç»“æ„ `fn_1_category`
--

CREATE TABLE IF NOT EXISTS `fn_1_category` (
  `id` smallint(5) unsigned NOT NULL AUTO_INCREMENT,
  `tid` tinyint(1) NOT NULL COMMENT 'æ ç›®ç±»å‹ï¼Œ0å•é¡µï¼Œ1æ¨¡å—ï¼Œ2å¤–é“¾',
  `pid` smallint(5) unsigned NOT NULL DEFAULT '0' COMMENT 'ä¸Šçº§id',
  `mid` varchar(20) NOT NULL COMMENT 'æ¨¡å—ç›®å½•',
  `pids` varchar(255) NOT NULL COMMENT 'æ‰€æœ‰ä¸Šçº§id',
  `name` varchar(30) NOT NULL COMMENT 'æ ç›®åç§°',
  `domain` varchar(50) NOT NULL COMMENT 'ç»‘å®šåŸŸå',
  `letter` char(1) NOT NULL COMMENT 'é¦–å­—æ¯',
  `dirname` varchar(30) NOT NULL COMMENT 'æ ç›®ç›®å½•',
  `pdirname` varchar(100) NOT NULL COMMENT 'ä¸Šçº§ç›®å½•',
  `child` tinyint(1) unsigned NOT NULL DEFAULT '0' COMMENT 'æ˜¯å¦æœ‰ä¸‹çº§',
  `childids` text NOT NULL COMMENT 'ä¸‹çº§æ‰€æœ‰id',
  `pcatpost` tinyint(1) NOT NULL COMMENT 'æ˜¯å¦çˆ¶æ ç›®å‘å¸ƒ',
  `thumb` varchar(255) NOT NULL COMMENT 'æ ç›®å›¾ç‰‡',
  `show` tinyint(1) unsigned NOT NULL DEFAULT '1' COMMENT 'æ˜¯å¦æ˜¾ç¤º',
  `content` mediumtext NOT NULL COMMENT 'å•é¡µå†…å®¹',
  `permission` text COMMENT 'ä¼šå‘˜æƒé™',
  `setting` text NOT NULL COMMENT 'å±æ€§é…ç½®',
  `displayorder` tinyint(3) NOT NULL DEFAULT '0',
  PRIMARY KEY (`id`),
  KEY `mid` (`mid`),
  KEY `tid` (`tid`),
  KEY `show` (`show`),
  KEY `dirname` (`dirname`),
  KEY `module` (`pid`,`displayorder`,`id`)
) ENGINE=MyISAM  DEFAULT CHARSET=utf8 COMMENT='æ ç›®è¡¨' AUTO_INCREMENT=22 ;

-- --------------------------------------------------------

--
-- è¡¨çš„ç»“æ„ `fn_1_form`
--

CREATE TABLE IF NOT EXISTS `fn_1_form` (
  `id` smallint(5) unsigned NOT NULL AUTO_INCREMENT,
  `name` varchar(50) NOT NULL COMMENT 'åç§°',
  `table` varchar(50) NOT NULL COMMENT 'è¡¨å',
  `setting` text COMMENT 'é…ç½®ä¿¡æ¯',
  PRIMARY KEY (`id`),
  UNIQUE KEY `table` (`table`)
) ENGINE=MyISAM  DEFAULT CHARSET=utf8 COMMENT='è¡¨å•æ¨¡å‹è¡¨' AUTO_INCREMENT=3 ;

--
-- è½¬å­˜è¡¨ä¸­çš„æ•°æ® `fn_1_form`
--

INSERT INTO `fn_1_form` (`id`, `name`, `table`, `setting`) VALUES
(1, 'ç•™è¨€', 'liuyan', '{"post":"1","code":"1","send":"","template":"","rt_url":""}');

-- --------------------------------------------------------

--
-- è¡¨çš„ç»“æ„ `fn_1_form_liuyan`
--

CREATE TABLE IF NOT EXISTS `fn_1_form_liuyan` (
  `id` int(10) unsigned NOT NULL AUTO_INCREMENT,
  `title` varchar(255) DEFAULT NULL COMMENT 'ä¸»é¢˜',
  `uid` int(10) unsigned DEFAULT '0' COMMENT 'å½•å…¥è€…uid',
  `author` varchar(100) DEFAULT NULL COMMENT 'å½•å…¥è€…è´¦å·',
  `inputip` varchar(30) DEFAULT NULL COMMENT 'å½•å…¥è€…ip',
  `inputtime` int(10) unsigned NOT NULL COMMENT 'å½•å…¥æ—¶é—´',
  `displayorder` tinyint(3) NOT NULL DEFAULT '0' COMMENT 'æ’åºå€¼',
  `tableid` smallint(5) unsigned NOT NULL COMMENT 'é™„è¡¨id',
  `neirong` mediumtext,
  PRIMARY KEY (`id`),
  KEY `uid` (`uid`),
  KEY `inputtime` (`inputtime`),
  KEY `displayorder` (`displayorder`)
) ENGINE=MyISAM  DEFAULT CHARSET=utf8 COMMENT='ç•™è¨€è¡¨å•è¡¨' AUTO_INCREMENT=3 ;

-- --------------------------------------------------------

--
-- è¡¨çš„ç»“æ„ `fn_1_form_liuyan_data_0`
--

CREATE TABLE IF NOT EXISTS `fn_1_form_liuyan_data_0` (
  `id` int(10) unsigned NOT NULL,
  `uid` int(10) unsigned DEFAULT '0' COMMENT 'å½•å…¥è€…uid',
  UNIQUE KEY `id` (`id`),
  KEY `uid` (`uid`)
) ENGINE=MyISAM DEFAULT CHARSET=utf8 COMMENT='ç•™è¨€è¡¨å•é™„è¡¨';

-- --------------------------------------------------------

--
-- è¡¨çš„ç»“æ„ `fn_1_index`
--

CREATE TABLE IF NOT EXISTS `fn_1_index` (
  `id` int(10) unsigned NOT NULL AUTO_INCREMENT,
  `uid` mediumint(8) unsigned NOT NULL COMMENT 'ä½œè€…uid',
  `mid` varchar(20) NOT NULL COMMENT 'æ¨¡å—ç›®å½•',
  `catid` tinyint(3) unsigned NOT NULL COMMENT 'æ ç›®id',
  `status` tinyint(2) NOT NULL COMMENT 'å®¡æ ¸çŠ¶æ€',
  `inputtime` int(10) unsigned NOT NULL COMMENT 'å½•å…¥æ—¶é—´',
  PRIMARY KEY (`id`),
  KEY `mid` (`mid`),
  KEY `uid` (`uid`),
  KEY `catid` (`catid`),
  KEY `status` (`status`),
  KEY `inputtime` (`inputtime`)
) ENGINE=MyISAM  DEFAULT CHARSET=utf8 COMMENT='å†…å®¹ç´¢å¼•è¡¨' AUTO_INCREMENT=127 ;

-- --------------------------------------------------------

--
-- è¡¨çš„ç»“æ„ `fn_1_news`
--

CREATE TABLE IF NOT EXISTS `fn_1_news` (
  `id` int(10) unsigned NOT NULL,
  `catid` smallint(5) unsigned NOT NULL COMMENT 'æ ç›®id',
  `title` varchar(255) DEFAULT NULL COMMENT 'ä¸»é¢˜',
  `thumb` varchar(255) DEFAULT NULL COMMENT 'ç¼©ç•¥å›¾',
  `keywords` varchar(255) DEFAULT NULL COMMENT 'å…³é”®å­—',
  `description` text COMMENT 'æè¿°',
  `hits` mediumint(8) unsigned DEFAULT NULL COMMENT 'æµè§ˆæ•°',
  `uid` mediumint(8) unsigned NOT NULL COMMENT 'ä½œè€…id',
  `author` varchar(50) NOT NULL COMMENT 'ä½œè€…åç§°',
  `status` tinyint(2) NOT NULL COMMENT 'çŠ¶æ€',
  `url` varchar(255) DEFAULT NULL COMMENT 'åœ°å€',
  `tableid` smallint(5) unsigned NOT NULL COMMENT 'é™„è¡¨id',
  `inputip` varchar(15) DEFAULT NULL COMMENT 'å½•å…¥è€…ip',
  `inputtime` int(10) unsigned NOT NULL COMMENT 'å½•å…¥æ—¶é—´',
  `updatetime` int(10) unsigned NOT NULL COMMENT 'æ›´æ–°æ—¶é—´',
  `displayorder` tinyint(3) NOT NULL DEFAULT '0',
  `comments` int(11) NOT NULL,
  `favorites` int(11) NOT NULL,
  UNIQUE KEY `id` (`id`),
  KEY `uid` (`uid`),
  KEY `catid` (`catid`),
  KEY `status` (`status`),
  KEY `inputtime` (`inputtime`),
  KEY `updatetime` (`updatetime`),
  KEY `displayorder` (`displayorder`)
) ENGINE=MyISAM DEFAULT CHARSET=utf8 COMMENT='æ¨¡å‹ä¸»è¡¨';

-- --------------------------------------------------------

--
-- è¡¨çš„ç»“æ„ `fn_1_news_data_0`
--

CREATE TABLE IF NOT EXISTS `fn_1_news_data_0` (
  `id` int(10) unsigned NOT NULL,
  `uid` mediumint(8) unsigned NOT NULL COMMENT 'ä½œè€…uid',
  `catid` smallint(5) unsigned NOT NULL COMMENT 'æ ç›®id',
  `content` mediumtext COMMENT 'å†…å®¹',
  UNIQUE KEY `id` (`id`),
  KEY `uid` (`uid`),
  KEY `catid` (`catid`)
) ENGINE=MyISAM DEFAULT CHARSET=utf8 COMMENT='æ¨¡å‹é™„è¡¨';

-- --------------------------------------------------------

--
-- è¡¨çš„ç»“æ„ `fn_1_tag`
--

CREATE TABLE IF NOT EXISTS `fn_1_tag` (
  `id` int(10) unsigned NOT NULL AUTO_INCREMENT,
  `pid` int(10) DEFAULT '0' COMMENT 'çˆ¶çº§id',
  `name` varchar(200) NOT NULL COMMENT 'å…³é”®è¯åç§°',
  `code` varchar(200) NOT NULL COMMENT 'å…³é”®è¯ä»£ç ï¼ˆæ‹¼éŸ³ï¼‰',
  `pcode` varchar(255) DEFAULT NULL,
  `hits` mediumint(8) unsigned NOT NULL COMMENT 'ç‚¹å‡»é‡',
  `url` varchar(255) DEFAULT NULL COMMENT 'å…³é”®è¯url',
  `childids` varchar(255) NOT NULL COMMENT 'å­ç±»é›†åˆ',
  `content` text NOT NULL COMMENT 'å…³é”®è¯æè¿°',
  `total` int(10) NOT NULL COMMENT 'ç‚¹å‡»æ•°é‡',
  `displayorder` int(10) NOT NULL COMMENT 'æ’åºå€¼',
  PRIMARY KEY (`id`),
  UNIQUE KEY `name` (`name`),
  KEY `letter` (`code`,`hits`)
) ENGINE=MyISAM  DEFAULT CHARSET=utf8 COMMENT='å…³é”®è¯åº“è¡¨' AUTO_INCREMENT=4 ;

--
-- è½¬å­˜è¡¨ä¸­çš„æ•°æ® `fn_1_tag`
--

INSERT INTO `fn_1_tag` (`id`, `pid`, `name`, `code`, `pcode`, `hits`, `url`, `childids`, `content`, `total`, `displayorder`) VALUES
(1, 0, 'æ ‡ç­¾æµ‹è¯•', 'test', NULL, 18, '', '', '1', 0, 0),
(2, 0, 'ä¸­å›½', 'zhongguo', '', 0, '', '', '', 0, 0);

-- --------------------------------------------------------

--
-- è¡¨çš„ç»“æ„ `fn_1_weixin`
--

CREATE TABLE IF NOT EXISTS `fn_1_weixin` (
  `name` varchar(50) NOT NULL,
  `value` text NOT NULL,
  PRIMARY KEY (`name`)
) ENGINE=MyISAM DEFAULT CHARSET=utf8 COMMENT='å¾®ä¿¡å±æ€§å‚æ•°è¡¨';

-- --------------------------------------------------------

--
-- è¡¨çš„ç»“æ„ `fn_1_weixin_follow`
--

CREATE TABLE IF NOT EXISTS `fn_1_weixin_follow` (
  `id` int(10) NOT NULL AUTO_INCREMENT,
  `openid` varchar(255) NOT NULL,
  `status` tinyint(1) NOT NULL,
  `uid` int(10) NOT NULL,
  PRIMARY KEY (`id`),
  KEY `uid` (`uid`),
  KEY `status` (`status`),
  KEY `openid` (`openid`)
) ENGINE=MyISAM DEFAULT CHARSET=utf8 COMMENT='å¾®ä¿¡ç²‰ä¸åŒæ­¥è¡¨' AUTO_INCREMENT=1 ;

-- --------------------------------------------------------

--
-- è¡¨çš„ç»“æ„ `fn_1_weixin_menu`
--

CREATE TABLE IF NOT EXISTS `fn_1_weixin_menu` (
  `id` int(10) NOT NULL AUTO_INCREMENT,
  `pid` int(10) NOT NULL,
  `name` varchar(100) NOT NULL,
  `type` varchar(20) NOT NULL,
  `value` text NOT NULL,
  `displayorder` int(10) NOT NULL,
  PRIMARY KEY (`id`)
) ENGINE=MyISAM DEFAULT CHARSET=utf8 COMMENT='å¾®ä¿¡èœå•è¡¨' AUTO_INCREMENT=1 ;

-- --------------------------------------------------------

--
-- è¡¨çš„ç»“æ„ `fn_1_weixin_user`
--

CREATE TABLE IF NOT EXISTS `fn_1_weixin_user` (
  `id` int(10) NOT NULL AUTO_INCREMENT,
  `uid` int(10) unsigned DEFAULT NULL COMMENT 'ä¼šå‘˜id',
  `username` varchar(100) NOT NULL,
  `groupid` int(10) NOT NULL,
  `openid` varchar(50) NOT NULL COMMENT 'å”¯ä¸€id',
  `nickname` text NOT NULL COMMENT 'å¾®ä¿¡æ˜µç§°',
  `sex` tinyint(1) unsigned DEFAULT NULL COMMENT 'æ€§åˆ«',
  `city` varchar(30) DEFAULT NULL COMMENT 'åŸå¸‚',
  `country` varchar(30) DEFAULT NULL COMMENT 'å›½å®¶',
  `province` varchar(30) DEFAULT NULL COMMENT 'çœ',
  `language` varchar(30) DEFAULT NULL COMMENT 'è¯­è¨€',
  `headimgurl` varchar(255) DEFAULT NULL COMMENT 'å¤´åƒåœ°å€',
  `subscribe_time` int(10) unsigned NOT NULL COMMENT 'å…³æ³¨æ—¶é—´',
  PRIMARY KEY (`id`),
  KEY `uid` (`uid`),
  KEY `subscribe_time` (`subscribe_time`),
  KEY `openid` (`openid`)
) ENGINE=MyISAM DEFAULT CHARSET=utf8 COMMENT='å¾®ä¿¡ç²‰ä¸è¡¨' AUTO_INCREMENT=1 ;

-- --------------------------------------------------------

--
-- è¡¨çš„ç»“æ„ `fn_admin`
--

CREATE TABLE IF NOT EXISTS `fn_admin` (
  `uid` mediumint(8) unsigned NOT NULL AUTO_INCREMENT,
  `realname` varchar(50) DEFAULT NULL COMMENT 'ç®¡ç†å‘˜å§“å',
  `usermenu` text COMMENT 'è‡ªå®šä¹‰é¢æ¿èœå•ï¼Œåºåˆ—åŒ–æ•°ç»„æ ¼å¼',
  `color` text COMMENT 'å®šåˆ¶æƒé™',
  PRIMARY KEY (`uid`)
) ENGINE=MyISAM  DEFAULT CHARSET=utf8 COMMENT='ç®¡ç†å‘˜è¡¨' AUTO_INCREMENT=3 ;

--
-- è½¬å­˜è¡¨ä¸­çš„æ•°æ® `fn_admin`
--

INSERT INTO `fn_admin` (`uid`, `realname`, `usermenu`, `color`) VALUES
(1, 'ç½‘ç«™åˆ›å§‹äºº', '', 'blue');

-- --------------------------------------------------------

--
-- è¡¨çš„ç»“æ„ `fn_attachment`
--

CREATE TABLE IF NOT EXISTS `fn_attachment` (
  `id` mediumint(8) unsigned NOT NULL AUTO_INCREMENT,
  `uid` mediumint(8) unsigned NOT NULL COMMENT 'ä¼šå‘˜id',
  `author` varchar(50) NOT NULL COMMENT 'ä¼šå‘˜',
  `siteid` tinyint(3) unsigned NOT NULL COMMENT 'ç«™ç‚¹id',
  `related` varchar(50) NOT NULL COMMENT 'ç›¸å…³è¡¨æ ‡è¯†',
  `tableid` tinyint(1) unsigned NOT NULL DEFAULT '0' COMMENT 'é™„ä»¶å‰¯è¡¨id',
  `download` mediumint(8) NOT NULL DEFAULT '0' COMMENT 'ä¸‹è½½æ¬¡æ•°',
  `filesize` int(10) unsigned NOT NULL COMMENT 'æ–‡ä»¶å¤§å°',
  `fileext` varchar(20) NOT NULL COMMENT 'æ–‡ä»¶æ‰©å±•å',
  `filemd5` varchar(50) NOT NULL COMMENT 'æ–‡ä»¶md5å€¼',
  PRIMARY KEY (`id`),
  KEY `uid` (`uid`),
  KEY `author` (`author`),
  KEY `relatedtid` (`related`),
  KEY `fileext` (`fileext`),
  KEY `filemd5` (`filemd5`),
  KEY `siteid` (`siteid`)
) ENGINE=MyISAM DEFAULT CHARSET=utf8 COMMENT='é™„ä»¶è¡¨' AUTO_INCREMENT=1 ;

-- --------------------------------------------------------

--
-- è¡¨çš„ç»“æ„ `fn_attachment_0`
--

CREATE TABLE IF NOT EXISTS `fn_attachment_0` (
  `id` mediumint(8) unsigned NOT NULL COMMENT 'é™„ä»¶id',
  `uid` mediumint(8) unsigned NOT NULL DEFAULT '0' COMMENT 'ä¼šå‘˜id',
  `author` varchar(50) NOT NULL COMMENT 'ä¼šå‘˜',
  `related` varchar(50) NOT NULL COMMENT 'ç›¸å…³è¡¨æ ‡è¯†',
  `filename` varchar(255) NOT NULL DEFAULT '' COMMENT 'åŸæ–‡ä»¶å',
  `fileext` varchar(20) NOT NULL COMMENT 'æ–‡ä»¶æ‰©å±•å',
  `filesize` int(10) unsigned NOT NULL DEFAULT '0' COMMENT 'æ–‡ä»¶å¤§å°',
  `attachment` varchar(255) NOT NULL DEFAULT '' COMMENT 'æœåŠ¡å™¨è·¯å¾„',
  `remote` tinyint(2) unsigned NOT NULL DEFAULT '0' COMMENT 'è¿œç¨‹é™„ä»¶id',
  `attachinfo` text NOT NULL COMMENT 'é™„ä»¶ä¿¡æ¯',
  `inputtime` int(10) unsigned NOT NULL COMMENT 'å…¥åº“æ—¶é—´',
  PRIMARY KEY (`id`),
  KEY `uid` (`uid`)
) ENGINE=MyISAM DEFAULT CHARSET=utf8 COMMENT='é™„ä»¶è¡¨0';

-- --------------------------------------------------------

--
-- è¡¨çš„ç»“æ„ `fn_attachment_1`
--

CREATE TABLE IF NOT EXISTS `fn_attachment_1` (
  `id` mediumint(8) unsigned NOT NULL COMMENT 'é™„ä»¶id',
  `uid` mediumint(8) unsigned NOT NULL DEFAULT '0' COMMENT 'ä¼šå‘˜id',
  `author` varchar(50) NOT NULL COMMENT 'ä¼šå‘˜',
  `related` varchar(50) NOT NULL COMMENT 'ç›¸å…³è¡¨æ ‡è¯†',
  `filename` varchar(255) NOT NULL DEFAULT '' COMMENT 'åŸæ–‡ä»¶å',
  `fileext` varchar(20) NOT NULL COMMENT 'æ–‡ä»¶æ‰©å±•å',
  `filesize` int(10) unsigned NOT NULL DEFAULT '0' COMMENT 'æ–‡ä»¶å¤§å°',
  `attachment` varchar(255) NOT NULL DEFAULT '' COMMENT 'æœåŠ¡å™¨è·¯å¾„',
  `remote` tinyint(2) unsigned NOT NULL DEFAULT '0' COMMENT 'è¿œç¨‹é™„ä»¶id',
  `attachinfo` text NOT NULL COMMENT 'é™„ä»¶ä¿¡æ¯',
  `inputtime` int(10) unsigned NOT NULL COMMENT 'å…¥åº“æ—¶é—´',
  PRIMARY KEY (`id`),
  KEY `uid` (`uid`)
) ENGINE=MyISAM DEFAULT CHARSET=utf8 COMMENT='é™„ä»¶è¡¨1';

-- --------------------------------------------------------

--
-- è¡¨çš„ç»“æ„ `fn_attachment_2`
--

CREATE TABLE IF NOT EXISTS `fn_attachment_2` (
  `id` mediumint(8) unsigned NOT NULL COMMENT 'é™„ä»¶id',
  `uid` mediumint(8) unsigned NOT NULL DEFAULT '0' COMMENT 'ä¼šå‘˜id',
  `author` varchar(50) NOT NULL COMMENT 'ä¼šå‘˜',
  `related` varchar(50) NOT NULL COMMENT 'ç›¸å…³è¡¨æ ‡è¯†',
  `filename` varchar(255) NOT NULL DEFAULT '' COMMENT 'åŸæ–‡ä»¶å',
  `fileext` varchar(20) NOT NULL COMMENT 'æ–‡ä»¶æ‰©å±•å',
  `filesize` int(10) unsigned NOT NULL DEFAULT '0' COMMENT 'æ–‡ä»¶å¤§å°',
  `attachment` varchar(255) NOT NULL DEFAULT '' COMMENT 'æœåŠ¡å™¨è·¯å¾„',
  `remote` tinyint(2) unsigned NOT NULL DEFAULT '0' COMMENT 'è¿œç¨‹é™„ä»¶id',
  `attachinfo` text NOT NULL COMMENT 'é™„ä»¶ä¿¡æ¯',
  `inputtime` int(10) unsigned NOT NULL COMMENT 'å…¥åº“æ—¶é—´',
  PRIMARY KEY (`id`),
  KEY `uid` (`uid`)
) ENGINE=MyISAM DEFAULT CHARSET=utf8 COMMENT='é™„ä»¶è¡¨2';

-- --------------------------------------------------------

--
-- è¡¨çš„ç»“æ„ `fn_attachment_3`
--

CREATE TABLE IF NOT EXISTS `fn_attachment_3` (
  `id` mediumint(8) unsigned NOT NULL COMMENT 'é™„ä»¶id',
  `uid` mediumint(8) unsigned NOT NULL DEFAULT '0' COMMENT 'ä¼šå‘˜id',
  `author` varchar(50) NOT NULL COMMENT 'ä¼šå‘˜',
  `related` varchar(50) NOT NULL COMMENT 'ç›¸å…³è¡¨æ ‡è¯†',
  `filename` varchar(255) NOT NULL DEFAULT '' COMMENT 'åŸæ–‡ä»¶å',
  `fileext` varchar(20) NOT NULL COMMENT 'æ–‡ä»¶æ‰©å±•å',
  `filesize` int(10) unsigned NOT NULL DEFAULT '0' COMMENT 'æ–‡ä»¶å¤§å°',
  `attachment` varchar(255) NOT NULL DEFAULT '' COMMENT 'æœåŠ¡å™¨è·¯å¾„',
  `remote` tinyint(2) unsigned NOT NULL DEFAULT '0' COMMENT 'è¿œç¨‹é™„ä»¶id',
  `attachinfo` text NOT NULL COMMENT 'é™„ä»¶ä¿¡æ¯',
  `inputtime` int(10) unsigned NOT NULL COMMENT 'å…¥åº“æ—¶é—´',
  PRIMARY KEY (`id`),
  KEY `uid` (`uid`)
) ENGINE=MyISAM DEFAULT CHARSET=utf8 COMMENT='é™„ä»¶è¡¨3';

-- --------------------------------------------------------

--
-- è¡¨çš„ç»“æ„ `fn_attachment_4`
--

CREATE TABLE IF NOT EXISTS `fn_attachment_4` (
  `id` mediumint(8) unsigned NOT NULL COMMENT 'é™„ä»¶id',
  `uid` mediumint(8) unsigned NOT NULL DEFAULT '0' COMMENT 'ä¼šå‘˜id',
  `author` varchar(50) NOT NULL COMMENT 'ä¼šå‘˜',
  `related` varchar(50) NOT NULL COMMENT 'ç›¸å…³è¡¨æ ‡è¯†',
  `filename` varchar(255) NOT NULL DEFAULT '' COMMENT 'åŸæ–‡ä»¶å',
  `fileext` varchar(20) NOT NULL COMMENT 'æ–‡ä»¶æ‰©å±•å',
  `filesize` int(10) unsigned NOT NULL DEFAULT '0' COMMENT 'æ–‡ä»¶å¤§å°',
  `attachment` varchar(255) NOT NULL DEFAULT '' COMMENT 'æœåŠ¡å™¨è·¯å¾„',
  `remote` tinyint(2) unsigned NOT NULL DEFAULT '0' COMMENT 'è¿œç¨‹é™„ä»¶id',
  `attachinfo` text NOT NULL COMMENT 'é™„ä»¶ä¿¡æ¯',
  `inputtime` int(10) unsigned NOT NULL COMMENT 'å…¥åº“æ—¶é—´',
  PRIMARY KEY (`id`),
  KEY `uid` (`uid`)
) ENGINE=MyISAM DEFAULT CHARSET=utf8 COMMENT='é™„ä»¶è¡¨4';

-- --------------------------------------------------------

--
-- è¡¨çš„ç»“æ„ `fn_attachment_5`
--

CREATE TABLE IF NOT EXISTS `fn_attachment_5` (
  `id` mediumint(8) unsigned NOT NULL COMMENT 'é™„ä»¶id',
  `uid` mediumint(8) unsigned NOT NULL DEFAULT '0' COMMENT 'ä¼šå‘˜id',
  `author` varchar(50) NOT NULL COMMENT 'ä¼šå‘˜',
  `related` varchar(50) NOT NULL COMMENT 'ç›¸å…³è¡¨æ ‡è¯†',
  `filename` varchar(255) NOT NULL DEFAULT '' COMMENT 'åŸæ–‡ä»¶å',
  `fileext` varchar(20) NOT NULL COMMENT 'æ–‡ä»¶æ‰©å±•å',
  `filesize` int(10) unsigned NOT NULL DEFAULT '0' COMMENT 'æ–‡ä»¶å¤§å°',
  `attachment` varchar(255) NOT NULL DEFAULT '' COMMENT 'æœåŠ¡å™¨è·¯å¾„',
  `remote` tinyint(2) unsigned NOT NULL DEFAULT '0' COMMENT 'è¿œç¨‹é™„ä»¶id',
  `attachinfo` text NOT NULL COMMENT 'é™„ä»¶ä¿¡æ¯',
  `inputtime` int(10) unsigned NOT NULL COMMENT 'å…¥åº“æ—¶é—´',
  PRIMARY KEY (`id`),
  KEY `uid` (`uid`)
) ENGINE=MyISAM DEFAULT CHARSET=utf8 COMMENT='é™„ä»¶è¡¨5';

-- --------------------------------------------------------

--
-- è¡¨çš„ç»“æ„ `fn_attachment_6`
--

CREATE TABLE IF NOT EXISTS `fn_attachment_6` (
  `id` mediumint(8) unsigned NOT NULL COMMENT 'é™„ä»¶id',
  `uid` mediumint(8) unsigned NOT NULL DEFAULT '0' COMMENT 'ä¼šå‘˜id',
  `author` varchar(50) NOT NULL COMMENT 'ä¼šå‘˜',
  `related` varchar(50) NOT NULL COMMENT 'ç›¸å…³è¡¨æ ‡è¯†',
  `filename` varchar(255) NOT NULL DEFAULT '' COMMENT 'åŸæ–‡ä»¶å',
  `fileext` varchar(20) NOT NULL COMMENT 'æ–‡ä»¶æ‰©å±•å',
  `filesize` int(10) unsigned NOT NULL DEFAULT '0' COMMENT 'æ–‡ä»¶å¤§å°',
  `attachment` varchar(255) NOT NULL DEFAULT '' COMMENT 'æœåŠ¡å™¨è·¯å¾„',
  `remote` tinyint(2) unsigned NOT NULL DEFAULT '0' COMMENT 'è¿œç¨‹é™„ä»¶id',
  `attachinfo` text NOT NULL COMMENT 'é™„ä»¶ä¿¡æ¯',
  `inputtime` int(10) unsigned NOT NULL COMMENT 'å…¥åº“æ—¶é—´',
  PRIMARY KEY (`id`),
  KEY `uid` (`uid`)
) ENGINE=MyISAM DEFAULT CHARSET=utf8 COMMENT='é™„ä»¶è¡¨6';

-- --------------------------------------------------------

--
-- è¡¨çš„ç»“æ„ `fn_attachment_7`
--

CREATE TABLE IF NOT EXISTS `fn_attachment_7` (
  `id` mediumint(8) unsigned NOT NULL COMMENT 'é™„ä»¶id',
  `uid` mediumint(8) unsigned NOT NULL DEFAULT '0' COMMENT 'ä¼šå‘˜id',
  `author` varchar(50) NOT NULL COMMENT 'ä¼šå‘˜',
  `related` varchar(50) NOT NULL COMMENT 'ç›¸å…³è¡¨æ ‡è¯†',
  `filename` varchar(255) NOT NULL DEFAULT '' COMMENT 'åŸæ–‡ä»¶å',
  `fileext` varchar(20) NOT NULL COMMENT 'æ–‡ä»¶æ‰©å±•å',
  `filesize` int(10) unsigned NOT NULL DEFAULT '0' COMMENT 'æ–‡ä»¶å¤§å°',
  `attachment` varchar(255) NOT NULL DEFAULT '' COMMENT 'æœåŠ¡å™¨è·¯å¾„',
  `remote` tinyint(2) unsigned NOT NULL DEFAULT '0' COMMENT 'è¿œç¨‹é™„ä»¶id',
  `attachinfo` text NOT NULL COMMENT 'é™„ä»¶ä¿¡æ¯',
  `inputtime` int(10) unsigned NOT NULL COMMENT 'å…¥åº“æ—¶é—´',
  PRIMARY KEY (`id`),
  KEY `uid` (`uid`)
) ENGINE=MyISAM DEFAULT CHARSET=utf8 COMMENT='é™„ä»¶è¡¨7';

-- --------------------------------------------------------

--
-- è¡¨çš„ç»“æ„ `fn_attachment_8`
--

CREATE TABLE IF NOT EXISTS `fn_attachment_8` (
  `id` mediumint(8) unsigned NOT NULL COMMENT 'é™„ä»¶id',
  `uid` mediumint(8) unsigned NOT NULL DEFAULT '0' COMMENT 'ä¼šå‘˜id',
  `author` varchar(50) NOT NULL COMMENT 'ä¼šå‘˜',
  `related` varchar(50) NOT NULL COMMENT 'ç›¸å…³è¡¨æ ‡è¯†',
  `filename` varchar(255) NOT NULL DEFAULT '' COMMENT 'åŸæ–‡ä»¶å',
  `fileext` varchar(20) NOT NULL COMMENT 'æ–‡ä»¶æ‰©å±•å',
  `filesize` int(10) unsigned NOT NULL DEFAULT '0' COMMENT 'æ–‡ä»¶å¤§å°',
  `attachment` varchar(255) NOT NULL DEFAULT '' COMMENT 'æœåŠ¡å™¨è·¯å¾„',
  `remote` tinyint(2) unsigned NOT NULL DEFAULT '0' COMMENT 'è¿œç¨‹é™„ä»¶id',
  `attachinfo` text NOT NULL COMMENT 'é™„ä»¶ä¿¡æ¯',
  `inputtime` int(10) unsigned NOT NULL COMMENT 'å…¥åº“æ—¶é—´',
  PRIMARY KEY (`id`),
  KEY `uid` (`uid`)
) ENGINE=MyISAM DEFAULT CHARSET=utf8 COMMENT='é™„ä»¶è¡¨8';

-- --------------------------------------------------------

--
-- è¡¨çš„ç»“æ„ `fn_attachment_9`
--

CREATE TABLE IF NOT EXISTS `fn_attachment_9` (
  `id` mediumint(8) unsigned NOT NULL COMMENT 'é™„ä»¶id',
  `uid` mediumint(8) unsigned NOT NULL DEFAULT '0' COMMENT 'ä¼šå‘˜id',
  `author` varchar(50) NOT NULL COMMENT 'ä¼šå‘˜',
  `related` varchar(50) NOT NULL COMMENT 'ç›¸å…³è¡¨æ ‡è¯†',
  `filename` varchar(255) NOT NULL DEFAULT '' COMMENT 'åŸæ–‡ä»¶å',
  `fileext` varchar(20) NOT NULL COMMENT 'æ–‡ä»¶æ‰©å±•å',
  `filesize` int(10) unsigned NOT NULL DEFAULT '0' COMMENT 'æ–‡ä»¶å¤§å°',
  `attachment` varchar(255) NOT NULL DEFAULT '' COMMENT 'æœåŠ¡å™¨è·¯å¾„',
  `remote` tinyint(2) unsigned NOT NULL DEFAULT '0' COMMENT 'è¿œç¨‹é™„ä»¶id',
  `attachinfo` text NOT NULL COMMENT 'é™„ä»¶ä¿¡æ¯',
  `inputtime` int(10) unsigned NOT NULL COMMENT 'å…¥åº“æ—¶é—´',
  PRIMARY KEY (`id`),
  KEY `uid` (`uid`)
) ENGINE=MyISAM DEFAULT CHARSET=utf8 COMMENT='é™„ä»¶è¡¨9';

-- --------------------------------------------------------

--
-- è¡¨çš„ç»“æ„ `fn_customer`
--

CREATE TABLE IF NOT EXISTS `fn_customer` (
  `id` int(11) NOT NULL AUTO_INCREMENT,
  `cname` varchar(20) NOT NULL,
  `phone` varchar(20) NOT NULL,
  `address` varchar(50) NOT NULL,
  `salerId` int(11) NOT NULL COMMENT 'é”€å”®id',
  `debtTime` int(11) NOT NULL COMMENT 'æ¬ æ¬¾æ—¶é—´',
  `meetTime` int(11) NOT NULL COMMENT 'å›è®¿æ—¶é—´',
  `knot` int(11) NOT NULL COMMENT 'å›æ¬¾',
  `debtBucket` int(11) NOT NULL,
  `debtMoney` decimal(10,2) NOT NULL,
  `depositBucket` int(11) NOT NULL,
  `remark` int(11) NOT NULL,
  PRIMARY KEY (`id`)
) ENGINE=MyISAM  DEFAULT CHARSET=utf8 AUTO_INCREMENT=11 ;

--
-- è½¬å­˜è¡¨ä¸­çš„æ•°æ® `fn_customer`
--

INSERT INTO `fn_customer` (`id`, `cname`, `phone`, `address`, `salerId`, `debtTime`, `meetTime`, `knot`, `debtBucket`, `debtMoney`, `depositBucket`, `remark`) VALUES
(1, 'æµ‹è¯•A', '18509898918', 'èƒ¶å·', 3, 15, 15, 700, 1, '11.00', 1, 0),
(2, 'æµ‹è¯•B', '15111111112', 'èƒ¶å·', 4, 10, 10, 1030, 2, '0.00', 2, 0),
(3, 'æµ‹è¯•C', '15111111112', 'èƒ¶å·', 0, 0, 0, 0, 0, '0.00', 0, 0),
(4, 'æµ‹è¯•D', '18509898918', 'èƒ¶å·', 2, 15, 15, 100, 1, '101.00', 1, 0),
(5, 'æµ‹è¯•E', '18509898918', 'èƒ¶å·', 2, 10, 10, 300, 0, '0.00', 0, 0),
(6, 'æµ‹è¯•F', '15111111112', 'èƒ¶å·', 4, 10, 10, 260, 0, '0.00', 0, 0),
(10, 'æµ‹è¯•æ‡‚', '18509898911', 'èƒ¶å·æ—¶', 3, 14, 14, 0, 0, '0.00', 0, 0),
(9, 'æµ‹A', '18509898918', 'åŠ å·', 4, 15, 15, 0, 0, '0.00', 0, 0);

-- --------------------------------------------------------

--
-- è¡¨çš„ç»“æ„ `fn_customer_price`
--

CREATE TABLE IF NOT EXISTS `fn_customer_price` (
  `id` int(11) NOT NULL AUTO_INCREMENT,
  `unit` varchar(20) NOT NULL COMMENT 'å•ä½',
  `price` decimal(10,2) NOT NULL COMMENT 'å•ä»·',
  `customerId` int(11) NOT NULL,
  PRIMARY KEY (`id`)
) ENGINE=MyISAM  DEFAULT CHARSET=utf8 AUTO_INCREMENT=14 ;

--
-- è½¬å­˜è¡¨ä¸­çš„æ•°æ® `fn_customer_price`
--

INSERT INTO `fn_customer_price` (`id`, `unit`, `price`, `customerId`) VALUES
(1, 'æ¡¶è£…æ°´', '5.00', 1),
(2, 'ç“¶è£…æ°´', '5.00', 1),
(3, '2Lå†°çº¢èŒ¶', '34.00', 2),
(4, '2Lç»¿èŒ¶', '36.00', 2),
(5, '2Lç»¿èŒ¶', '6.00', 3),
(6, '2Lçº¢èŒ¶', '7.00', 3),
(7, 'å¤§æ¡¶æ°´', '5.00', 4),
(8, '2Lç»¿èŒ¶', '36.00', 4),
(9, '2Lç»¿èŒ¶', '36.00', 10),
(10, 'å¤§æ¡¶æ°´', '2.00', 10),
(11, 'å¤§æ¡¶æ°´', '2.00', 5),
(12, 'å¤§æ¡¶æ°´', '2.00', 6),
(13, 'å¤§æ¡¶æ°´', '2.00', 9);

-- --------------------------------------------------------

--
-- è¡¨çš„ç»“æ„ `fn_field`
--

CREATE TABLE IF NOT EXISTS `fn_field` (
  `id` smallint(5) unsigned NOT NULL AUTO_INCREMENT,
  `name` text NOT NULL COMMENT 'å­—æ®µåˆ«åè¯­è¨€',
  `fieldname` varchar(50) NOT NULL COMMENT 'å­—æ®µåç§°',
  `fieldtype` varchar(50) NOT NULL COMMENT 'å­—æ®µç±»å‹',
  `relatedid` smallint(5) unsigned NOT NULL COMMENT 'ç›¸å…³id',
  `relatedname` varchar(50) NOT NULL COMMENT 'ç›¸å…³è¡¨',
  `isedit` tinyint(1) unsigned NOT NULL DEFAULT '1' COMMENT 'æ˜¯å¦å¯ä¿®æ”¹',
  `ismain` tinyint(1) unsigned NOT NULL COMMENT 'æ˜¯å¦ä¸»è¡¨',
  `issystem` tinyint(1) unsigned NOT NULL COMMENT 'æ˜¯å¦ç³»ç»Ÿè¡¨',
  `ismember` tinyint(1) unsigned NOT NULL COMMENT 'æ˜¯å¦ä¼šå‘˜å¯è§',
  `issearch` tinyint(1) unsigned NOT NULL DEFAULT '1' COMMENT 'æ˜¯å¦å¯æœç´¢',
  `disabled` tinyint(1) unsigned NOT NULL COMMENT 'ç¦ç”¨ï¼Ÿ',
  `setting` text NOT NULL COMMENT 'é…ç½®ä¿¡æ¯',
  `displayorder` tinyint(3) NOT NULL COMMENT 'æ’åº',
  PRIMARY KEY (`id`),
  KEY `list` (`relatedid`,`disabled`,`issystem`)
) ENGINE=MyISAM  DEFAULT CHARSET=utf8 COMMENT='å­—æ®µè¡¨' AUTO_INCREMENT=42 ;

--
-- è½¬å­˜è¡¨ä¸­çš„æ•°æ® `fn_field`
--

INSERT INTO `fn_field` (`id`, `name`, `fieldname`, `fieldtype`, `relatedid`, `relatedname`, `isedit`, `ismain`, `issystem`, `ismember`, `issearch`, `disabled`, `setting`, `displayorder`) VALUES
(8, 'ä¸»é¢˜', 'title', 'Text', 4, 'module', 1, 1, 1, 1, 1, 0, '{"option":{"width":400,"fieldtype":"VARCHAR","fieldlength":"255"},"validate":{"xss":1,"required":1,"formattr":"onblur=\\"check_title();get_keywords(''keywords'');\\""}}', 0),
(9, 'ç¼©ç•¥å›¾', 'thumb', 'File', 4, 'module', 1, 1, 1, 1, 1, 0, '{"option":{"ext":"jpg,gif,png","size":10,"width":400,"fieldtype":"VARCHAR","fieldlength":"255"}}', 0),
(10, 'å…³é”®å­—', 'keywords', 'Text', 4, 'module', 1, 1, 1, 1, 1, 0, '{"option":{"width":400,"fieldtype":"VARCHAR","fieldlength":"255"},"validate":{"xss":1,"formattr":" data-role=\\"tagsinput\\""}}', 0),
(11, 'æè¿°', 'description', 'Textarea', 4, 'module', 1, 1, 1, 1, 1, 0, '{"option":{"width":500,"height":60,"fieldtype":"VARCHAR","fieldlength":"255"},"validate":{"xss":1,"filter":"dr_clearhtml"}}', 0),
(12, 'å†…å®¹', 'content', 'Ueditor', 4, 'module', 1, 0, 1, 1, 1, 0, '{"option":{"mode":1,"width":"90%","height":400},"validate":{"xss":1,"required":1}}', 0),
(25, 'å†…å®¹', 'neirong', 'Ueditor', 1, 'form-1', 1, 1, 0, 1, 0, 0, '{"option":{"width":"100%","height":"200","autofloat":"0","autoheight":"0","autodown":"0","page":"0","mode":"1","tool":"''bold'', ''italic'', ''underline''","mode2":"1","tool2":"''bold'', ''italic'', ''underline''","mode3":"1","tool3":"''bold'', ''italic'', ''underline''","value":""},"validate":{"required":"1","pattern":"","errortips":"","xss":"1","check":"","filter":"","tips":"","formattr":""},"is_right":"0"}', 0),
(23, 'ä¸»é¢˜', 'title', 'Text', 1, 'form-1', 1, 1, 1, 1, 1, 0, '{"option":{"width":400,"fieldtype":"VARCHAR","fieldlength":"255"},"validate":{"xss":1,"required":1}}', 0);

-- --------------------------------------------------------

--
-- è¡¨çš„ç»“æ„ `fn_linkage`
--

CREATE TABLE IF NOT EXISTS `fn_linkage` (
  `id` smallint(5) unsigned NOT NULL AUTO_INCREMENT,
  `name` varchar(255) NOT NULL COMMENT 'èœå•åç§°',
  `type` tinyint(1) unsigned NOT NULL,
  `code` char(20) NOT NULL,
  PRIMARY KEY (`id`),
  UNIQUE KEY `code` (`code`),
  KEY `module` (`id`)
) ENGINE=MyISAM  DEFAULT CHARSET=utf8 COMMENT='è”åŠ¨èœå•è¡¨' AUTO_INCREMENT=2 ;

--
-- è½¬å­˜è¡¨ä¸­çš„æ•°æ® `fn_linkage`
--

INSERT INTO `fn_linkage` (`id`, `name`, `type`, `code`) VALUES
(1, 'ä¸­å›½åœ°åŒº', 0, 'address');

-- --------------------------------------------------------

--
-- è¡¨çš„ç»“æ„ `fn_linkage_data_1`
--

CREATE TABLE IF NOT EXISTS `fn_linkage_data_1` (
  `id` mediumint(8) unsigned NOT NULL AUTO_INCREMENT,
  `site` mediumint(5) unsigned NOT NULL COMMENT 'ç«™ç‚¹id',
  `pid` mediumint(8) unsigned NOT NULL DEFAULT '0' COMMENT 'ä¸Šçº§id',
  `pids` varchar(255) DEFAULT NULL COMMENT 'æ‰€æœ‰ä¸Šçº§id',
  `name` varchar(30) NOT NULL COMMENT 'æ ç›®åç§°',
  `cname` varchar(30) NOT NULL COMMENT 'åˆ«å',
  `child` tinyint(1) unsigned DEFAULT '0' COMMENT 'æ˜¯å¦æœ‰ä¸‹çº§',
  `hidden` tinyint(1) unsigned DEFAULT '0' COMMENT 'å‰ç«¯éšè—',
  `childids` text COMMENT 'ä¸‹çº§æ‰€æœ‰id',
  `displayorder` tinyint(3) DEFAULT '0',
  PRIMARY KEY (`id`),
  KEY `cname` (`cname`),
  KEY `hidden` (`hidden`),
  KEY `list` (`site`,`displayorder`)
) ENGINE=MyISAM  DEFAULT CHARSET=utf8 COMMENT='è”åŠ¨èœå•æ•°æ®è¡¨' AUTO_INCREMENT=35 ;

--
-- è½¬å­˜è¡¨ä¸­çš„æ•°æ® `fn_linkage_data_1`
--

INSERT INTO `fn_linkage_data_1` (`id`, `site`, `pid`, `pids`, `name`, `cname`, `child`, `hidden`, `childids`, `displayorder`) VALUES
(1, 1, 0, '0', 'åŒ—äº¬', 'beijing', 0, 0, '1', 0),
(2, 1, 0, '0', 'å¤©æ´¥', 'tianjin', 0, 0, '2', 0),
(3, 1, 0, '0', 'ä¸Šæµ·', 'shanghai', 0, 0, '3', 0),
(4, 1, 0, '0', 'é‡åº†', 'chongqing', 0, 0, '4', 0),
(5, 1, 0, '0', 'é»‘é¾™æ±Ÿ', 'heilongjiang', 0, 0, '5', 0),
(6, 1, 0, '0', 'å‰æ—', 'jilin', 0, 0, '6', 0),
(7, 1, 0, '0', 'è¾½å®', 'liaoning', 0, 0, '7', 0),
(8, 1, 0, '0', 'æ²³åŒ—', 'hebei', 0, 0, '8', 0),
(9, 1, 0, '0', 'æ²³å—', 'henan', 0, 0, '9', 0),
(10, 1, 0, '0', 'å±±ä¸œ', 'shandong', 0, 0, '10', 0),
(11, 1, 0, '0', 'æ±Ÿè‹', 'jiangsu', 0, 0, '11', 0),
(12, 1, 0, '0', 'å±±è¥¿', 'shanxi', 0, 0, '12', 0),
(13, 1, 0, '0', 'é™•è¥¿', 'shanxi1', 0, 0, '13', 0),
(14, 1, 0, '0', 'ç”˜è‚ƒ', 'gansu', 0, 0, '14', 0),
(15, 1, 0, '0', 'å››å·', 'sichuan', 0, 0, '15', 0),
(16, 1, 0, '0', 'é’æµ·', 'qinghai', 0, 0, '16', 0),
(17, 1, 0, '0', 'æ¹–å—', 'hunan', 0, 0, '17', 0),
(18, 1, 0, '0', 'æ¹–åŒ—', 'hubei', 0, 0, '18', 0),
(19, 1, 0, '0', 'æ±Ÿè¥¿', 'jiangxi', 0, 0, '19', 0),
(20, 1, 0, '0', 'å®‰å¾½', 'anhui', 0, 0, '20', 0),
(21, 1, 0, '0', 'æµ™æ±Ÿ', 'zhejiang', 0, 0, '21', 0),
(22, 1, 0, '0', 'ç¦å»º', 'fujian', 0, 0, '22', 0),
(23, 1, 0, '0', 'å¹¿ä¸œ', 'guangdong', 0, 0, '23', 0),
(24, 1, 0, '0', 'å¹¿è¥¿', 'guangxi', 0, 0, '24', 0),
(25, 1, 0, '0', 'è´µå·', 'guizhou', 0, 0, '25', 0),
(26, 1, 0, '0', 'äº‘å—', 'yunnan', 0, 0, '26', 0),
(27, 1, 0, '0', 'æµ·å—', 'hainan', 0, 0, '27', 0),
(28, 1, 0, '0', 'å†…è’™å¤', 'neimenggu', 0, 0, '28', 0),
(29, 1, 0, '0', 'æ–°ç–†', 'xinjiang', 0, 0, '29', 0),
(30, 1, 0, '0', 'å®å¤', 'ningxia', 0, 0, '30', 0),
(31, 1, 0, '0', 'è¥¿è—', 'xicang', 0, 0, '31', 0),
(32, 1, 0, '0', 'é¦™æ¸¯', 'xianggang', 0, 0, '32', 0),
(33, 1, 0, '0', 'æ¾³é—¨', 'aomen', 0, 0, '33', 0),
(34, 1, 0, '0', 'å°æ¹¾', 'taiwan', 0, 0, '34', 0);

-- --------------------------------------------------------

--
-- è¡¨çš„ç»“æ„ `fn_mail_smtp`
--

CREATE TABLE IF NOT EXISTS `fn_mail_smtp` (
  `id` smallint(5) unsigned NOT NULL AUTO_INCREMENT,
  `host` varchar(255) NOT NULL,
  `user` varchar(255) NOT NULL,
  `pass` varchar(255) NOT NULL,
  `port` mediumint(8) unsigned NOT NULL,
  `displayorder` tinyint(2) DEFAULT NULL,
  PRIMARY KEY (`id`),
  KEY `displayorder` (`displayorder`)
) ENGINE=MyISAM DEFAULT CHARSET=utf8 COMMENT='é‚®ä»¶è´¦æˆ·è¡¨' AUTO_INCREMENT=1 ;

-- --------------------------------------------------------

--
-- è¡¨çš„ç»“æ„ `fn_member`
--

CREATE TABLE IF NOT EXISTS `fn_member` (
  `uid` mediumint(8) unsigned NOT NULL AUTO_INCREMENT,
  `email` char(40) NOT NULL DEFAULT '' COMMENT 'é‚®ç®±åœ°å€',
  `username` varchar(50) NOT NULL DEFAULT '' COMMENT 'ç”¨æˆ·å',
  `password` char(32) NOT NULL DEFAULT '' COMMENT 'åŠ å¯†å¯†ç ',
  `salt` char(10) NOT NULL COMMENT 'éšæœºåŠ å¯†ç ',
  `name` varchar(50) NOT NULL COMMENT 'å§“å',
  `phone` char(20) NOT NULL COMMENT 'æ‰‹æœºå·ç ',
  `avatar` varchar(255) NOT NULL COMMENT 'å¤´åƒåœ°å€',
  `money` decimal(10,2) unsigned NOT NULL COMMENT 'RMB',
  `freeze` decimal(10,2) unsigned NOT NULL COMMENT 'å†»ç»“RMB',
  `spend` decimal(10,2) unsigned NOT NULL COMMENT 'æ¶ˆè´¹RMBæ€»é¢',
  `score` int(10) unsigned NOT NULL COMMENT 'è™šæ‹Ÿå¸',
  `experience` int(10) unsigned NOT NULL COMMENT 'ç»éªŒå€¼',
  `adminid` smallint(5) unsigned NOT NULL DEFAULT '0' COMMENT 'ç®¡ç†ç»„id',
  `groupid` smallint(5) unsigned NOT NULL DEFAULT '0' COMMENT 'ç”¨æˆ·ç»„id',
  `levelid` smallint(5) unsigned NOT NULL COMMENT 'ä¼šå‘˜çº§åˆ«',
  `overdue` int(10) unsigned NOT NULL COMMENT 'åˆ°æœŸæ—¶é—´',
  `regip` varchar(15) NOT NULL COMMENT 'æ³¨å†Œip',
  `regtime` int(10) unsigned NOT NULL COMMENT 'æ³¨å†Œæ—¶é—´',
  `randcode` mediumint(6) unsigned NOT NULL COMMENT 'éšæœºéªŒè¯ç ',
  `ismobile` tinyint(1) unsigned DEFAULT NULL COMMENT 'æ‰‹æœºè®¤è¯æ ‡è¯†',
  PRIMARY KEY (`uid`),
  KEY `username` (`username`),
  KEY `email` (`email`),
  KEY `groupid` (`groupid`),
  KEY `adminid` (`adminid`),
  KEY `phone` (`phone`)
) ENGINE=MyISAM  DEFAULT CHARSET=utf8 COMMENT='ä¼šå‘˜è¡¨' AUTO_INCREMENT=3 ;

--
-- è½¬å­˜è¡¨ä¸­çš„æ•°æ® `fn_member`
--

INSERT INTO `fn_member` (`uid`, `email`, `username`, `password`, `salt`, `name`, `phone`, `avatar`, `money`, `freeze`, `spend`, `score`, `experience`, `adminid`, `groupid`, `levelid`, `overdue`, `regip`, `regtime`, `randcode`, `ismobile`) VALUES
(1, '', 'admin', 'ac7cd59472be180b81c7551b92925f03', 'b3967a0e93', 'æµ‹è¯•äººå‘˜', '15111111112', '', '9999.00', '0.00', '0.00', 10000, 10000, 1, 0, 4, 0, '', 0, 0, 0);

-- --------------------------------------------------------

--
-- è¡¨çš„ç»“æ„ `fn_member_data`
--

CREATE TABLE IF NOT EXISTS `fn_member_data` (
  `uid` mediumint(8) unsigned NOT NULL AUTO_INCREMENT,
  `complete` tinyint(1) unsigned NOT NULL COMMENT 'å®Œå–„èµ„æ–™æ ‡è¯†',
  `is_auth` tinyint(1) unsigned NOT NULL DEFAULT '0' COMMENT 'å®åè®¤è¯æ ‡è¯†',
  PRIMARY KEY (`uid`)
) ENGINE=MyISAM  DEFAULT CHARSET=utf8 COMMENT='ä¼šå‘˜è¡¨' AUTO_INCREMENT=2 ;

--
-- è½¬å­˜è¡¨ä¸­çš„æ•°æ® `fn_member_data`
--

INSERT INTO `fn_member_data` (`uid`, `complete`, `is_auth`) VALUES
(1, 0, 0);

-- --------------------------------------------------------

--
-- è¡¨çš„ç»“æ„ `fn_member_oauth`
--

CREATE TABLE IF NOT EXISTS `fn_member_oauth` (
  `id` int(10) NOT NULL AUTO_INCREMENT,
  `uid` mediumint(8) unsigned NOT NULL COMMENT 'ä¼šå‘˜uid',
  `oid` varchar(255) NOT NULL COMMENT 'OAuthè¿”å›id',
  `oauth` varchar(255) NOT NULL,
  `avatar` varchar(255) NOT NULL,
  `nickname` varchar(255) NOT NULL,
  `expire_at` int(10) unsigned NOT NULL,
  `access_token` varchar(255) DEFAULT NULL,
  `refresh_token` varchar(255) DEFAULT NULL,
  PRIMARY KEY (`id`),
  KEY `uid` (`uid`)
) ENGINE=MyISAM DEFAULT CHARSET=utf8 COMMENT='ä¼šå‘˜OAuth2æˆæƒè¡¨' AUTO_INCREMENT=1 ;

-- --------------------------------------------------------

--
-- è¡¨çš„ç»“æ„ `fn_module`
--

CREATE TABLE IF NOT EXISTS `fn_module` (
  `id` smallint(5) unsigned NOT NULL AUTO_INCREMENT,
  `site` text COMMENT 'ç«™ç‚¹åˆ’åˆ†',
  `dirname` varchar(50) NOT NULL COMMENT 'ç›®å½•åç§°',
  `share` tinyint(1) unsigned DEFAULT NULL COMMENT 'æ˜¯å¦å…±äº«æ¨¡å—',
  `extend` tinyint(1) unsigned DEFAULT NULL COMMENT 'æ˜¯å¦æ˜¯æ‰©å±•æ¨¡å—',
  `sitemap` tinyint(1) unsigned DEFAULT NULL COMMENT 'æ˜¯å¦ç”Ÿæˆåœ°å›¾',
  `setting` text COMMENT 'é…ç½®ä¿¡æ¯',
  `disabled` tinyint(1) NOT NULL DEFAULT '0' COMMENT 'ç¦ç”¨ï¼Ÿ',
  `displayorder` tinyint(2) DEFAULT '0',
  PRIMARY KEY (`id`),
  UNIQUE KEY `dirname` (`dirname`),
  KEY `displayorder` (`displayorder`)
) ENGINE=MyISAM  DEFAULT CHARSET=utf8 COMMENT='æ¨¡å—è¡¨' AUTO_INCREMENT=10 ;

--
-- è½¬å­˜è¡¨ä¸­çš„æ•°æ® `fn_module`
--

INSERT INTO `fn_module` (`id`, `site`, `dirname`, `share`, `extend`, `sitemap`, `setting`, `disabled`, `displayorder`) VALUES
(4, '{"name":"\\u6587\\u7ae0","urlrule":"4","search_title":"[\\u7b2c{page}\\u9875{join}][{keyword}{join}][{param}{join}]{modulename}{join}{SITE_NAME}","search_keywords":"","search_description":"","use":1}', 'news', 0, 0, 0, '', 0, 0);

-- --------------------------------------------------------

--
-- è¡¨çš„ç»“æ„ `fn_saler`
--

CREATE TABLE IF NOT EXISTS `fn_saler` (
  `id` int(11) NOT NULL AUTO_INCREMENT,
  `name` varchar(20) NOT NULL,
  `remark` varchar(50) NOT NULL,
  `phone` varchar(20) NOT NULL,
  `carNo` varchar(20) NOT NULL,
  `type` int(11) NOT NULL COMMENT 'é”€å”®åˆ†ç±» 1ï¼šæ°´å‚ 2ï¼šä»“åº“',
  PRIMARY KEY (`id`)
) ENGINE=MyISAM  DEFAULT CHARSET=utf8 AUTO_INCREMENT=6 ;

--
-- è½¬å­˜è¡¨ä¸­çš„æ•°æ® `fn_saler`
--

INSERT INTO `fn_saler` (`id`, `name`, `remark`, `phone`, `carNo`, `type`) VALUES
(4, 'é”€å”®C', '', '18509898917', 'é²B-1234', 2),
(2, 'é”€å”®A', '', '18509898918', 'é²B-123', 1),
(3, 'é”€å”®B', '', '18509898918', 'é²B-123', 0),
(5, 'é”€å”®D', '', '18509898918', 'é²B-123', 2);

-- --------------------------------------------------------

--
-- è¡¨çš„ç»“æ„ `fn_saler_bill`
--

CREATE TABLE IF NOT EXISTS `fn_saler_bill` (
  `id` int(11) NOT NULL AUTO_INCREMENT,
  `salerId` int(11) NOT NULL,
  `salerName` varchar(20) NOT NULL,
  `bucketNum` int(11) NOT NULL,
  `drinkNum` int(11) NOT NULL COMMENT 'é¥®æ–™',
  `bottleNum` int(11) NOT NULL,
  `checker` varchar(20) NOT NULL,
  `saleTime` date NOT NULL,
  `remark` varchar(50) NOT NULL,
  PRIMARY KEY (`id`),
  UNIQUE KEY `id_2` (`id`),
  KEY `id` (`id`),
  KEY `id_3` (`id`)
) ENGINE=MyISAM  DEFAULT CHARSET=utf8 AUTO_INCREMENT=6 ;

--
-- è½¬å­˜è¡¨ä¸­çš„æ•°æ® `fn_saler_bill`
--

INSERT INTO `fn_saler_bill` (`id`, `salerId`, `salerName`, `bucketNum`, `drinkNum`, `bottleNum`, `checker`, `saleTime`, `remark`) VALUES
(1, 2, 'æµ‹è¯•1', 50, 0, 0, '', '2018-09-17', ''),
(2, 3, 'æµ‹è¯•2', 200, 0, 0, '', '2018-09-01', ''),
(3, 2, 'é”€å”®A', 0, 200, 0, '', '2018-09-18', ''),
(4, 4, 'æµ‹è¯•3', 80, 0, 0, '', '2018-09-08', ''),
(5, 5, 'æµ‹è¯•3', 80, 0, 0, '', '2018-09-01', '');

-- --------------------------------------------------------

--
-- è¡¨çš„ç»“æ„ `fn_saler_bill_detail`
--

CREATE TABLE IF NOT EXISTS `fn_saler_bill_detail` (
  `id` int(11) NOT NULL AUTO_INCREMENT,
  `billId` int(11) NOT NULL,
  `customerId` int(11) NOT NULL,
  `priceId` int(11) NOT NULL,
  `bucketNum` int(11) NOT NULL,
  `drinkNum` int(11) NOT NULL COMMENT 'é¥®æ–™',
  `bottleNum` int(11) NOT NULL,
  `backBucketNum` int(11) NOT NULL,
  `knot` decimal(10,2) NOT NULL COMMENT 'ç»“æ¬¾',
  `debt` decimal(10,2) NOT NULL,
  `depositBucket` int(11) NOT NULL COMMENT 'æŠ¼æ¡¶',
  `remark` varchar(50) NOT NULL,
  `debtBucket` int(11) NOT NULL COMMENT 'æ¬ æ¡¶',
  PRIMARY KEY (`id`)
) ENGINE=MyISAM  DEFAULT CHARSET=utf8 AUTO_INCREMENT=10 ;

--
-- è½¬å­˜è¡¨ä¸­çš„æ•°æ® `fn_saler_bill_detail`
--

INSERT INTO `fn_saler_bill_detail` (`id`, `billId`, `customerId`, `priceId`, `bucketNum`, `drinkNum`, `bottleNum`, `backBucketNum`, `knot`, `debt`, `depositBucket`, `remark`, `debtBucket`) VALUES
(1, 1, 1, 1, 20, 0, 0, 20, '100.00', '1.00', 0, '', 0),
(2, 1, 6, 12, 30, 0, 0, 0, '60.00', '0.00', 0, '', 0),
(3, 2, 6, 12, 100, 0, 0, 100, '200.00', '0.00', 0, '', 0),
(4, 2, 5, 11, 100, 0, 0, 100, '200.00', '0.00', 0, '', 0),
(5, 4, 1, 1, 20, 0, 0, 0, '100.00', '0.00', 0, '', 0),
(6, 5, 5, 11, 50, 0, 0, 0, '100.00', '0.00', 0, '', 0),
(7, 4, 4, 7, 20, 0, 0, 0, '100.00', '100.00', 0, '', 0),
(8, 3, 1, 1, 0, 100, 0, 0, '500.00', '0.00', 0, '', 0),
(9, 3, 2, 3, 0, 30, 0, 0, '1020.00', '0.00', 0, '', 0);

-- --------------------------------------------------------

--
-- è¡¨çš„ç»“æ„ `fn_saler_fuel`
--

CREATE TABLE IF NOT EXISTS `fn_saler_fuel` (
  `id` int(11) NOT NULL AUTO_INCREMENT,
  `salerId` int(11) NOT NULL,
  `rise` int(11) NOT NULL COMMENT 'åŠ æ²¹é‡',
  `money` decimal(10,2) NOT NULL COMMENT 'é‡‘é¢',
  `date` date NOT NULL,
  `remark` varchar(100) NOT NULL COMMENT 'å¤‡æ³¨',
  PRIMARY KEY (`id`)
) ENGINE=MyISAM  DEFAULT CHARSET=utf8 AUTO_INCREMENT=3 ;

--
-- è½¬å­˜è¡¨ä¸­çš„æ•°æ® `fn_saler_fuel`
--

INSERT INTO `fn_saler_fuel` (`id`, `salerId`, `rise`, `money`, `date`, `remark`) VALUES
(1, 1, 10, '100.00', '2018-09-02', ''),
(2, 1, 100, '100.00', '2018-09-15', 'å˜‰ç¦¾');

-- --------------------------------------------------------

--
-- è¡¨çš„ç»“æ„ `fn_site`
--

CREATE TABLE IF NOT EXISTS `fn_site` (
  `id` smallint(5) unsigned NOT NULL AUTO_INCREMENT,
  `name` varchar(50) NOT NULL COMMENT 'ç«™ç‚¹åç§°',
  `domain` varchar(50) NOT NULL COMMENT 'ç«™ç‚¹åŸŸå',
  `setting` text NOT NULL COMMENT 'ç«™ç‚¹é…ç½®',
  PRIMARY KEY (`id`)
) ENGINE=MyISAM  DEFAULT CHARSET=utf8 COMMENT='ç«™ç‚¹è¡¨' AUTO_INCREMENT=2 ;

--
-- è½¬å­˜è¡¨ä¸­çš„æ•°æ® `fn_site`
--

INSERT INTO `fn_site` (`id`, `name`, `domain`, `setting`) VALUES
(1, 'FineCMS', 'test.finecms.net', '{"SITE_CLOSE":"0","SITE_CLOSE_MSG":"\\u7f51\\u7ad9\\u5347\\u7ea7\\u4e2d....","SITE_NAME":"FineCMS","SITE_TIME_FORMAT":"Y-m-d H:i","SITE_LANGUAGE":"zh-cn","SITE_THEME":"default","SITE_TEMPLATE":"default","SITE_TIMEZONE":"8","SITE_DOMAINS":"","SITE_REWRITE":"6","SITE_MOBILE_OPEN":"1","SITE_MOBILE":"","SITE_SEOJOIN":"_","SITE_TITLE":"FineCMS\\u516c\\u76ca\\u8f6f\\u4ef6","SITE_KEYWORDS":"\\u514d\\u8d39cms,\\u5f00\\u6e90cms","SITE_DESCRIPTION":"\\u516c\\u76ca\\u8f6f\\u4ef6\\u4ea7\\u54c1\\u4ecb\\u7ecd","SITE_IMAGE_RATIO":"1","SITE_IMAGE_WATERMARK":"0","SITE_IMAGE_VRTALIGN":"top","SITE_IMAGE_HORALIGN":"left","SITE_IMAGE_VRTOFFSET":"","SITE_IMAGE_HOROFFSET":"","SITE_IMAGE_TYPE":"0","SITE_IMAGE_OVERLAY":"default.png","SITE_IMAGE_OPACITY":"","SITE_IMAGE_FONT":"default.ttf","SITE_IMAGE_COLOR":"","SITE_IMAGE_SIZE":"","SITE_IMAGE_TEXT":"","SITE_DOMAIN":"www.gyb.com","SITE_IMAGE_CONTENT":0}');

-- --------------------------------------------------------

--
-- è¡¨çš„ç»“æ„ `fn_urlrule`
--

CREATE TABLE IF NOT EXISTS `fn_urlrule` (
  `id` smallint(5) unsigned NOT NULL AUTO_INCREMENT,
  `type` tinyint(1) unsigned NOT NULL COMMENT 'è§„åˆ™ç±»å‹',
  `name` varchar(50) NOT NULL COMMENT 'è§„åˆ™åç§°',
  `value` text NOT NULL COMMENT 'è¯¦ç»†è§„åˆ™',
  PRIMARY KEY (`id`),
  KEY `type` (`type`)
) ENGINE=MyISAM  DEFAULT CHARSET=utf8 COMMENT='URLè§„åˆ™è¡¨' AUTO_INCREMENT=9 ;

--
-- è½¬å­˜è¡¨ä¸­çš„æ•°æ® `fn_urlrule`
--

INSERT INTO `fn_urlrule` (`id`, `type`, `name`, `value`) VALUES
(1, 3, 'æ ç›®è§„åˆ™æµ‹è¯•', '{"share_list":"{dirname}-list.html","share_list_page":"{dirname}-list-{page}.html","share_show":"{dirname}-show-{id}.html","share_show_page":"{dirname}-show-{id}-{page}.html","share_search":"","share_search_page":"","tags":""}'),
(2, 4, 'ç«™ç‚¹URLæµ‹è¯•', '{"share_list":"","share_list_page":"","share_show":"","share_show_page":"","share_search":"search.html","share_search_page":"search\\/{param}.html","tags":"tag\\/{tag}.html"}');

/*!40101 SET CHARACTER_SET_CLIENT=@OLD_CHARACTER_SET_CLIENT */;
/*!40101 SET CHARACTER_SET_RESULTS=@OLD_CHARACTER_SET_RESULTS */;
/*!40101 SET COLLATION_CONNECTION=@OLD_COLLATION_CONNECTION */;
