-- phpMyAdmin SQL Dump
-- version phpStudy 2014
-- http://www.phpmyadmin.net
--
-- 主机: localhost
-- 生成日期: 2018 ?12 ?15 ?06:51
-- 服务器版本: 5.5.53
-- PHP 版本: 5.6.27

SET SQL_MODE="NO_AUTO_VALUE_ON_ZERO";
SET time_zone = "+00:00";


/*!40101 SET @OLD_CHARACTER_SET_CLIENT=@@CHARACTER_SET_CLIENT */;
/*!40101 SET @OLD_CHARACTER_SET_RESULTS=@@CHARACTER_SET_RESULTS */;
/*!40101 SET @OLD_COLLATION_CONNECTION=@@COLLATION_CONNECTION */;
/*!40101 SET NAMES utf8 */;

--
-- 数据库: `finecms`
--

-- --------------------------------------------------------

--
-- 表的结构 `fn_1_block`
--

CREATE TABLE IF NOT EXISTS `fn_1_block` (
  `id` smallint(5) unsigned NOT NULL AUTO_INCREMENT,
  `name` varchar(100) NOT NULL COMMENT '资料块名称',
  `content` text NOT NULL COMMENT '内容',
  PRIMARY KEY (`id`)
) ENGINE=MyISAM  DEFAULT CHARSET=utf8 COMMENT='资料块表' AUTO_INCREMENT=4 ;

-- --------------------------------------------------------

--
-- 表的结构 `fn_1_category`
--

CREATE TABLE IF NOT EXISTS `fn_1_category` (
  `id` smallint(5) unsigned NOT NULL AUTO_INCREMENT,
  `tid` tinyint(1) NOT NULL COMMENT '栏目类型，0单页，1模块，2外链',
  `pid` smallint(5) unsigned NOT NULL DEFAULT '0' COMMENT '上级id',
  `mid` varchar(20) NOT NULL COMMENT '模块目录',
  `pids` varchar(255) NOT NULL COMMENT '所有上级id',
  `name` varchar(30) NOT NULL COMMENT '栏目名称',
  `domain` varchar(50) NOT NULL COMMENT '绑定域名',
  `letter` char(1) NOT NULL COMMENT '首字母',
  `dirname` varchar(30) NOT NULL COMMENT '栏目目录',
  `pdirname` varchar(100) NOT NULL COMMENT '上级目录',
  `child` tinyint(1) unsigned NOT NULL DEFAULT '0' COMMENT '是否有下级',
  `childids` text NOT NULL COMMENT '下级所有id',
  `pcatpost` tinyint(1) NOT NULL COMMENT '是否父栏目发布',
  `thumb` varchar(255) NOT NULL COMMENT '栏目图片',
  `show` tinyint(1) unsigned NOT NULL DEFAULT '1' COMMENT '是否显示',
  `content` mediumtext NOT NULL COMMENT '单页内容',
  `permission` text COMMENT '会员权限',
  `setting` text NOT NULL COMMENT '属性配置',
  `displayorder` tinyint(3) NOT NULL DEFAULT '0',
  PRIMARY KEY (`id`),
  KEY `mid` (`mid`),
  KEY `tid` (`tid`),
  KEY `show` (`show`),
  KEY `dirname` (`dirname`),
  KEY `module` (`pid`,`displayorder`,`id`)
) ENGINE=MyISAM  DEFAULT CHARSET=utf8 COMMENT='栏目表' AUTO_INCREMENT=22 ;

-- --------------------------------------------------------

--
-- 表的结构 `fn_1_form`
--

CREATE TABLE IF NOT EXISTS `fn_1_form` (
  `id` smallint(5) unsigned NOT NULL AUTO_INCREMENT,
  `name` varchar(50) NOT NULL COMMENT '名称',
  `table` varchar(50) NOT NULL COMMENT '表名',
  `setting` text COMMENT '配置信息',
  PRIMARY KEY (`id`),
  UNIQUE KEY `table` (`table`)
) ENGINE=MyISAM  DEFAULT CHARSET=utf8 COMMENT='表单模型表' AUTO_INCREMENT=3 ;

--
-- 转存表中的数据 `fn_1_form`
--

INSERT INTO `fn_1_form` (`id`, `name`, `table`, `setting`) VALUES
(1, '留言', 'liuyan', '{"post":"1","code":"1","send":"","template":"","rt_url":""}');

-- --------------------------------------------------------

--
-- 表的结构 `fn_1_form_liuyan`
--

CREATE TABLE IF NOT EXISTS `fn_1_form_liuyan` (
  `id` int(10) unsigned NOT NULL AUTO_INCREMENT,
  `title` varchar(255) DEFAULT NULL COMMENT '主题',
  `uid` int(10) unsigned DEFAULT '0' COMMENT '录入者uid',
  `author` varchar(100) DEFAULT NULL COMMENT '录入者账号',
  `inputip` varchar(30) DEFAULT NULL COMMENT '录入者ip',
  `inputtime` int(10) unsigned NOT NULL COMMENT '录入时间',
  `displayorder` tinyint(3) NOT NULL DEFAULT '0' COMMENT '排序值',
  `tableid` smallint(5) unsigned NOT NULL COMMENT '附表id',
  `neirong` mediumtext,
  PRIMARY KEY (`id`),
  KEY `uid` (`uid`),
  KEY `inputtime` (`inputtime`),
  KEY `displayorder` (`displayorder`)
) ENGINE=MyISAM  DEFAULT CHARSET=utf8 COMMENT='留言表单表' AUTO_INCREMENT=3 ;

-- --------------------------------------------------------

--
-- 表的结构 `fn_1_form_liuyan_data_0`
--

CREATE TABLE IF NOT EXISTS `fn_1_form_liuyan_data_0` (
  `id` int(10) unsigned NOT NULL,
  `uid` int(10) unsigned DEFAULT '0' COMMENT '录入者uid',
  UNIQUE KEY `id` (`id`),
  KEY `uid` (`uid`)
) ENGINE=MyISAM DEFAULT CHARSET=utf8 COMMENT='留言表单附表';

-- --------------------------------------------------------

--
-- 表的结构 `fn_1_index`
--

CREATE TABLE IF NOT EXISTS `fn_1_index` (
  `id` int(10) unsigned NOT NULL AUTO_INCREMENT,
  `uid` mediumint(8) unsigned NOT NULL COMMENT '作者uid',
  `mid` varchar(20) NOT NULL COMMENT '模块目录',
  `catid` tinyint(3) unsigned NOT NULL COMMENT '栏目id',
  `status` tinyint(2) NOT NULL COMMENT '审核状态',
  `inputtime` int(10) unsigned NOT NULL COMMENT '录入时间',
  PRIMARY KEY (`id`),
  KEY `mid` (`mid`),
  KEY `uid` (`uid`),
  KEY `catid` (`catid`),
  KEY `status` (`status`),
  KEY `inputtime` (`inputtime`)
) ENGINE=MyISAM  DEFAULT CHARSET=utf8 COMMENT='内容索引表' AUTO_INCREMENT=127 ;

-- --------------------------------------------------------

--
-- 表的结构 `fn_1_news`
--

CREATE TABLE IF NOT EXISTS `fn_1_news` (
  `id` int(10) unsigned NOT NULL,
  `catid` smallint(5) unsigned NOT NULL COMMENT '栏目id',
  `title` varchar(255) DEFAULT NULL COMMENT '主题',
  `thumb` varchar(255) DEFAULT NULL COMMENT '缩略图',
  `keywords` varchar(255) DEFAULT NULL COMMENT '关键字',
  `description` text COMMENT '描述',
  `hits` mediumint(8) unsigned DEFAULT NULL COMMENT '浏览数',
  `uid` mediumint(8) unsigned NOT NULL COMMENT '作者id',
  `author` varchar(50) NOT NULL COMMENT '作者名称',
  `status` tinyint(2) NOT NULL COMMENT '状态',
  `url` varchar(255) DEFAULT NULL COMMENT '地址',
  `tableid` smallint(5) unsigned NOT NULL COMMENT '附表id',
  `inputip` varchar(15) DEFAULT NULL COMMENT '录入者ip',
  `inputtime` int(10) unsigned NOT NULL COMMENT '录入时间',
  `updatetime` int(10) unsigned NOT NULL COMMENT '更新时间',
  `displayorder` tinyint(3) NOT NULL DEFAULT '0',
  `comments` int(11) NOT NULL,
  `favorites` int(11) NOT NULL,
  UNIQUE KEY `id` (`id`),
  KEY `uid` (`uid`),
  KEY `catid` (`catid`),
  KEY `status` (`status`),
  KEY `inputtime` (`inputtime`),
  KEY `updatetime` (`updatetime`),
  KEY `displayorder` (`displayorder`)
) ENGINE=MyISAM DEFAULT CHARSET=utf8 COMMENT='模型主表';

-- --------------------------------------------------------

--
-- 表的结构 `fn_1_news_data_0`
--

CREATE TABLE IF NOT EXISTS `fn_1_news_data_0` (
  `id` int(10) unsigned NOT NULL,
  `uid` mediumint(8) unsigned NOT NULL COMMENT '作者uid',
  `catid` smallint(5) unsigned NOT NULL COMMENT '栏目id',
  `content` mediumtext COMMENT '内容',
  UNIQUE KEY `id` (`id`),
  KEY `uid` (`uid`),
  KEY `catid` (`catid`)
) ENGINE=MyISAM DEFAULT CHARSET=utf8 COMMENT='模型附表';

-- --------------------------------------------------------

--
-- 表的结构 `fn_1_tag`
--

CREATE TABLE IF NOT EXISTS `fn_1_tag` (
  `id` int(10) unsigned NOT NULL AUTO_INCREMENT,
  `pid` int(10) DEFAULT '0' COMMENT '父级id',
  `name` varchar(200) NOT NULL COMMENT '关键词名称',
  `code` varchar(200) NOT NULL COMMENT '关键词代码（拼音）',
  `pcode` varchar(255) DEFAULT NULL,
  `hits` mediumint(8) unsigned NOT NULL COMMENT '点击量',
  `url` varchar(255) DEFAULT NULL COMMENT '关键词url',
  `childids` varchar(255) NOT NULL COMMENT '子类集合',
  `content` text NOT NULL COMMENT '关键词描述',
  `total` int(10) NOT NULL COMMENT '点击数量',
  `displayorder` int(10) NOT NULL COMMENT '排序值',
  PRIMARY KEY (`id`),
  UNIQUE KEY `name` (`name`),
  KEY `letter` (`code`,`hits`)
) ENGINE=MyISAM  DEFAULT CHARSET=utf8 COMMENT='关键词库表' AUTO_INCREMENT=4 ;

--
-- 转存表中的数据 `fn_1_tag`
--

INSERT INTO `fn_1_tag` (`id`, `pid`, `name`, `code`, `pcode`, `hits`, `url`, `childids`, `content`, `total`, `displayorder`) VALUES
(1, 0, '标签测试', 'test', NULL, 18, '', '', '1', 0, 0),
(2, 0, '中国', 'zhongguo', '', 0, '', '', '', 0, 0);

-- --------------------------------------------------------

--
-- 表的结构 `fn_1_weixin`
--

CREATE TABLE IF NOT EXISTS `fn_1_weixin` (
  `name` varchar(50) NOT NULL,
  `value` text NOT NULL,
  PRIMARY KEY (`name`)
) ENGINE=MyISAM DEFAULT CHARSET=utf8 COMMENT='微信属性参数表';

-- --------------------------------------------------------

--
-- 表的结构 `fn_1_weixin_follow`
--

CREATE TABLE IF NOT EXISTS `fn_1_weixin_follow` (
  `id` int(10) NOT NULL AUTO_INCREMENT,
  `openid` varchar(255) NOT NULL,
  `status` tinyint(1) NOT NULL,
  `uid` int(10) NOT NULL,
  PRIMARY KEY (`id`),
  KEY `uid` (`uid`),
  KEY `status` (`status`),
  KEY `openid` (`openid`)
) ENGINE=MyISAM DEFAULT CHARSET=utf8 COMMENT='微信粉丝同步表' AUTO_INCREMENT=1 ;

-- --------------------------------------------------------

--
-- 表的结构 `fn_1_weixin_menu`
--

CREATE TABLE IF NOT EXISTS `fn_1_weixin_menu` (
  `id` int(10) NOT NULL AUTO_INCREMENT,
  `pid` int(10) NOT NULL,
  `name` varchar(100) NOT NULL,
  `type` varchar(20) NOT NULL,
  `value` text NOT NULL,
  `displayorder` int(10) NOT NULL,
  PRIMARY KEY (`id`)
) ENGINE=MyISAM DEFAULT CHARSET=utf8 COMMENT='微信菜单表' AUTO_INCREMENT=1 ;

-- --------------------------------------------------------

--
-- 表的结构 `fn_1_weixin_user`
--

CREATE TABLE IF NOT EXISTS `fn_1_weixin_user` (
  `id` int(10) NOT NULL AUTO_INCREMENT,
  `uid` int(10) unsigned DEFAULT NULL COMMENT '会员id',
  `username` varchar(100) NOT NULL,
  `groupid` int(10) NOT NULL,
  `openid` varchar(50) NOT NULL COMMENT '唯一id',
  `nickname` text NOT NULL COMMENT '微信昵称',
  `sex` tinyint(1) unsigned DEFAULT NULL COMMENT '性别',
  `city` varchar(30) DEFAULT NULL COMMENT '城市',
  `country` varchar(30) DEFAULT NULL COMMENT '国家',
  `province` varchar(30) DEFAULT NULL COMMENT '省',
  `language` varchar(30) DEFAULT NULL COMMENT '语言',
  `headimgurl` varchar(255) DEFAULT NULL COMMENT '头像地址',
  `subscribe_time` int(10) unsigned NOT NULL COMMENT '关注时间',
  PRIMARY KEY (`id`),
  KEY `uid` (`uid`),
  KEY `subscribe_time` (`subscribe_time`),
  KEY `openid` (`openid`)
) ENGINE=MyISAM DEFAULT CHARSET=utf8 COMMENT='微信粉丝表' AUTO_INCREMENT=1 ;

-- --------------------------------------------------------

--
-- 表的结构 `fn_admin`
--

CREATE TABLE IF NOT EXISTS `fn_admin` (
  `uid` mediumint(8) unsigned NOT NULL AUTO_INCREMENT,
  `realname` varchar(50) DEFAULT NULL COMMENT '管理员姓名',
  `usermenu` text COMMENT '自定义面板菜单，序列化数组格式',
  `color` text COMMENT '定制权限',
  PRIMARY KEY (`uid`)
) ENGINE=MyISAM  DEFAULT CHARSET=utf8 COMMENT='管理员表' AUTO_INCREMENT=3 ;

--
-- 转存表中的数据 `fn_admin`
--

INSERT INTO `fn_admin` (`uid`, `realname`, `usermenu`, `color`) VALUES
(1, '网站创始人', '', 'blue');

-- --------------------------------------------------------

--
-- 表的结构 `fn_attachment`
--

CREATE TABLE IF NOT EXISTS `fn_attachment` (
  `id` mediumint(8) unsigned NOT NULL AUTO_INCREMENT,
  `uid` mediumint(8) unsigned NOT NULL COMMENT '会员id',
  `author` varchar(50) NOT NULL COMMENT '会员',
  `siteid` tinyint(3) unsigned NOT NULL COMMENT '站点id',
  `related` varchar(50) NOT NULL COMMENT '相关表标识',
  `tableid` tinyint(1) unsigned NOT NULL DEFAULT '0' COMMENT '附件副表id',
  `download` mediumint(8) NOT NULL DEFAULT '0' COMMENT '下载次数',
  `filesize` int(10) unsigned NOT NULL COMMENT '文件大小',
  `fileext` varchar(20) NOT NULL COMMENT '文件扩展名',
  `filemd5` varchar(50) NOT NULL COMMENT '文件md5值',
  PRIMARY KEY (`id`),
  KEY `uid` (`uid`),
  KEY `author` (`author`),
  KEY `relatedtid` (`related`),
  KEY `fileext` (`fileext`),
  KEY `filemd5` (`filemd5`),
  KEY `siteid` (`siteid`)
) ENGINE=MyISAM DEFAULT CHARSET=utf8 COMMENT='附件表' AUTO_INCREMENT=1 ;

-- --------------------------------------------------------

--
-- 表的结构 `fn_attachment_0`
--

CREATE TABLE IF NOT EXISTS `fn_attachment_0` (
  `id` mediumint(8) unsigned NOT NULL COMMENT '附件id',
  `uid` mediumint(8) unsigned NOT NULL DEFAULT '0' COMMENT '会员id',
  `author` varchar(50) NOT NULL COMMENT '会员',
  `related` varchar(50) NOT NULL COMMENT '相关表标识',
  `filename` varchar(255) NOT NULL DEFAULT '' COMMENT '原文件名',
  `fileext` varchar(20) NOT NULL COMMENT '文件扩展名',
  `filesize` int(10) unsigned NOT NULL DEFAULT '0' COMMENT '文件大小',
  `attachment` varchar(255) NOT NULL DEFAULT '' COMMENT '服务器路径',
  `remote` tinyint(2) unsigned NOT NULL DEFAULT '0' COMMENT '远程附件id',
  `attachinfo` text NOT NULL COMMENT '附件信息',
  `inputtime` int(10) unsigned NOT NULL COMMENT '入库时间',
  PRIMARY KEY (`id`),
  KEY `uid` (`uid`)
) ENGINE=MyISAM DEFAULT CHARSET=utf8 COMMENT='附件表0';

-- --------------------------------------------------------

--
-- 表的结构 `fn_attachment_1`
--

CREATE TABLE IF NOT EXISTS `fn_attachment_1` (
  `id` mediumint(8) unsigned NOT NULL COMMENT '附件id',
  `uid` mediumint(8) unsigned NOT NULL DEFAULT '0' COMMENT '会员id',
  `author` varchar(50) NOT NULL COMMENT '会员',
  `related` varchar(50) NOT NULL COMMENT '相关表标识',
  `filename` varchar(255) NOT NULL DEFAULT '' COMMENT '原文件名',
  `fileext` varchar(20) NOT NULL COMMENT '文件扩展名',
  `filesize` int(10) unsigned NOT NULL DEFAULT '0' COMMENT '文件大小',
  `attachment` varchar(255) NOT NULL DEFAULT '' COMMENT '服务器路径',
  `remote` tinyint(2) unsigned NOT NULL DEFAULT '0' COMMENT '远程附件id',
  `attachinfo` text NOT NULL COMMENT '附件信息',
  `inputtime` int(10) unsigned NOT NULL COMMENT '入库时间',
  PRIMARY KEY (`id`),
  KEY `uid` (`uid`)
) ENGINE=MyISAM DEFAULT CHARSET=utf8 COMMENT='附件表1';

-- --------------------------------------------------------

--
-- 表的结构 `fn_attachment_2`
--

CREATE TABLE IF NOT EXISTS `fn_attachment_2` (
  `id` mediumint(8) unsigned NOT NULL COMMENT '附件id',
  `uid` mediumint(8) unsigned NOT NULL DEFAULT '0' COMMENT '会员id',
  `author` varchar(50) NOT NULL COMMENT '会员',
  `related` varchar(50) NOT NULL COMMENT '相关表标识',
  `filename` varchar(255) NOT NULL DEFAULT '' COMMENT '原文件名',
  `fileext` varchar(20) NOT NULL COMMENT '文件扩展名',
  `filesize` int(10) unsigned NOT NULL DEFAULT '0' COMMENT '文件大小',
  `attachment` varchar(255) NOT NULL DEFAULT '' COMMENT '服务器路径',
  `remote` tinyint(2) unsigned NOT NULL DEFAULT '0' COMMENT '远程附件id',
  `attachinfo` text NOT NULL COMMENT '附件信息',
  `inputtime` int(10) unsigned NOT NULL COMMENT '入库时间',
  PRIMARY KEY (`id`),
  KEY `uid` (`uid`)
) ENGINE=MyISAM DEFAULT CHARSET=utf8 COMMENT='附件表2';

-- --------------------------------------------------------

--
-- 表的结构 `fn_attachment_3`
--

CREATE TABLE IF NOT EXISTS `fn_attachment_3` (
  `id` mediumint(8) unsigned NOT NULL COMMENT '附件id',
  `uid` mediumint(8) unsigned NOT NULL DEFAULT '0' COMMENT '会员id',
  `author` varchar(50) NOT NULL COMMENT '会员',
  `related` varchar(50) NOT NULL COMMENT '相关表标识',
  `filename` varchar(255) NOT NULL DEFAULT '' COMMENT '原文件名',
  `fileext` varchar(20) NOT NULL COMMENT '文件扩展名',
  `filesize` int(10) unsigned NOT NULL DEFAULT '0' COMMENT '文件大小',
  `attachment` varchar(255) NOT NULL DEFAULT '' COMMENT '服务器路径',
  `remote` tinyint(2) unsigned NOT NULL DEFAULT '0' COMMENT '远程附件id',
  `attachinfo` text NOT NULL COMMENT '附件信息',
  `inputtime` int(10) unsigned NOT NULL COMMENT '入库时间',
  PRIMARY KEY (`id`),
  KEY `uid` (`uid`)
) ENGINE=MyISAM DEFAULT CHARSET=utf8 COMMENT='附件表3';

-- --------------------------------------------------------

--
-- 表的结构 `fn_attachment_4`
--

CREATE TABLE IF NOT EXISTS `fn_attachment_4` (
  `id` mediumint(8) unsigned NOT NULL COMMENT '附件id',
  `uid` mediumint(8) unsigned NOT NULL DEFAULT '0' COMMENT '会员id',
  `author` varchar(50) NOT NULL COMMENT '会员',
  `related` varchar(50) NOT NULL COMMENT '相关表标识',
  `filename` varchar(255) NOT NULL DEFAULT '' COMMENT '原文件名',
  `fileext` varchar(20) NOT NULL COMMENT '文件扩展名',
  `filesize` int(10) unsigned NOT NULL DEFAULT '0' COMMENT '文件大小',
  `attachment` varchar(255) NOT NULL DEFAULT '' COMMENT '服务器路径',
  `remote` tinyint(2) unsigned NOT NULL DEFAULT '0' COMMENT '远程附件id',
  `attachinfo` text NOT NULL COMMENT '附件信息',
  `inputtime` int(10) unsigned NOT NULL COMMENT '入库时间',
  PRIMARY KEY (`id`),
  KEY `uid` (`uid`)
) ENGINE=MyISAM DEFAULT CHARSET=utf8 COMMENT='附件表4';

-- --------------------------------------------------------

--
-- 表的结构 `fn_attachment_5`
--

CREATE TABLE IF NOT EXISTS `fn_attachment_5` (
  `id` mediumint(8) unsigned NOT NULL COMMENT '附件id',
  `uid` mediumint(8) unsigned NOT NULL DEFAULT '0' COMMENT '会员id',
  `author` varchar(50) NOT NULL COMMENT '会员',
  `related` varchar(50) NOT NULL COMMENT '相关表标识',
  `filename` varchar(255) NOT NULL DEFAULT '' COMMENT '原文件名',
  `fileext` varchar(20) NOT NULL COMMENT '文件扩展名',
  `filesize` int(10) unsigned NOT NULL DEFAULT '0' COMMENT '文件大小',
  `attachment` varchar(255) NOT NULL DEFAULT '' COMMENT '服务器路径',
  `remote` tinyint(2) unsigned NOT NULL DEFAULT '0' COMMENT '远程附件id',
  `attachinfo` text NOT NULL COMMENT '附件信息',
  `inputtime` int(10) unsigned NOT NULL COMMENT '入库时间',
  PRIMARY KEY (`id`),
  KEY `uid` (`uid`)
) ENGINE=MyISAM DEFAULT CHARSET=utf8 COMMENT='附件表5';

-- --------------------------------------------------------

--
-- 表的结构 `fn_attachment_6`
--

CREATE TABLE IF NOT EXISTS `fn_attachment_6` (
  `id` mediumint(8) unsigned NOT NULL COMMENT '附件id',
  `uid` mediumint(8) unsigned NOT NULL DEFAULT '0' COMMENT '会员id',
  `author` varchar(50) NOT NULL COMMENT '会员',
  `related` varchar(50) NOT NULL COMMENT '相关表标识',
  `filename` varchar(255) NOT NULL DEFAULT '' COMMENT '原文件名',
  `fileext` varchar(20) NOT NULL COMMENT '文件扩展名',
  `filesize` int(10) unsigned NOT NULL DEFAULT '0' COMMENT '文件大小',
  `attachment` varchar(255) NOT NULL DEFAULT '' COMMENT '服务器路径',
  `remote` tinyint(2) unsigned NOT NULL DEFAULT '0' COMMENT '远程附件id',
  `attachinfo` text NOT NULL COMMENT '附件信息',
  `inputtime` int(10) unsigned NOT NULL COMMENT '入库时间',
  PRIMARY KEY (`id`),
  KEY `uid` (`uid`)
) ENGINE=MyISAM DEFAULT CHARSET=utf8 COMMENT='附件表6';

-- --------------------------------------------------------

--
-- 表的结构 `fn_attachment_7`
--

CREATE TABLE IF NOT EXISTS `fn_attachment_7` (
  `id` mediumint(8) unsigned NOT NULL COMMENT '附件id',
  `uid` mediumint(8) unsigned NOT NULL DEFAULT '0' COMMENT '会员id',
  `author` varchar(50) NOT NULL COMMENT '会员',
  `related` varchar(50) NOT NULL COMMENT '相关表标识',
  `filename` varchar(255) NOT NULL DEFAULT '' COMMENT '原文件名',
  `fileext` varchar(20) NOT NULL COMMENT '文件扩展名',
  `filesize` int(10) unsigned NOT NULL DEFAULT '0' COMMENT '文件大小',
  `attachment` varchar(255) NOT NULL DEFAULT '' COMMENT '服务器路径',
  `remote` tinyint(2) unsigned NOT NULL DEFAULT '0' COMMENT '远程附件id',
  `attachinfo` text NOT NULL COMMENT '附件信息',
  `inputtime` int(10) unsigned NOT NULL COMMENT '入库时间',
  PRIMARY KEY (`id`),
  KEY `uid` (`uid`)
) ENGINE=MyISAM DEFAULT CHARSET=utf8 COMMENT='附件表7';

-- --------------------------------------------------------

--
-- 表的结构 `fn_attachment_8`
--

CREATE TABLE IF NOT EXISTS `fn_attachment_8` (
  `id` mediumint(8) unsigned NOT NULL COMMENT '附件id',
  `uid` mediumint(8) unsigned NOT NULL DEFAULT '0' COMMENT '会员id',
  `author` varchar(50) NOT NULL COMMENT '会员',
  `related` varchar(50) NOT NULL COMMENT '相关表标识',
  `filename` varchar(255) NOT NULL DEFAULT '' COMMENT '原文件名',
  `fileext` varchar(20) NOT NULL COMMENT '文件扩展名',
  `filesize` int(10) unsigned NOT NULL DEFAULT '0' COMMENT '文件大小',
  `attachment` varchar(255) NOT NULL DEFAULT '' COMMENT '服务器路径',
  `remote` tinyint(2) unsigned NOT NULL DEFAULT '0' COMMENT '远程附件id',
  `attachinfo` text NOT NULL COMMENT '附件信息',
  `inputtime` int(10) unsigned NOT NULL COMMENT '入库时间',
  PRIMARY KEY (`id`),
  KEY `uid` (`uid`)
) ENGINE=MyISAM DEFAULT CHARSET=utf8 COMMENT='附件表8';

-- --------------------------------------------------------

--
-- 表的结构 `fn_attachment_9`
--

CREATE TABLE IF NOT EXISTS `fn_attachment_9` (
  `id` mediumint(8) unsigned NOT NULL COMMENT '附件id',
  `uid` mediumint(8) unsigned NOT NULL DEFAULT '0' COMMENT '会员id',
  `author` varchar(50) NOT NULL COMMENT '会员',
  `related` varchar(50) NOT NULL COMMENT '相关表标识',
  `filename` varchar(255) NOT NULL DEFAULT '' COMMENT '原文件名',
  `fileext` varchar(20) NOT NULL COMMENT '文件扩展名',
  `filesize` int(10) unsigned NOT NULL DEFAULT '0' COMMENT '文件大小',
  `attachment` varchar(255) NOT NULL DEFAULT '' COMMENT '服务器路径',
  `remote` tinyint(2) unsigned NOT NULL DEFAULT '0' COMMENT '远程附件id',
  `attachinfo` text NOT NULL COMMENT '附件信息',
  `inputtime` int(10) unsigned NOT NULL COMMENT '入库时间',
  PRIMARY KEY (`id`),
  KEY `uid` (`uid`)
) ENGINE=MyISAM DEFAULT CHARSET=utf8 COMMENT='附件表9';

-- --------------------------------------------------------

--
-- 表的结构 `fn_customer`
--

CREATE TABLE IF NOT EXISTS `fn_customer` (
  `id` int(11) NOT NULL AUTO_INCREMENT,
  `cname` varchar(20) NOT NULL,
  `phone` varchar(20) NOT NULL,
  `address` varchar(50) NOT NULL,
  `salerId` int(11) NOT NULL,
  `debtTime` int(11) NOT NULL DEFAULT '10',
  `meetTime` int(11) NOT NULL DEFAULT '10',
  `knot` decimal(10,2) NOT NULL,
  `debtBucket` int(11) NOT NULL,
  `debtMoney` decimal(10,2) NOT NULL,
  `depositBucket` int(11) NOT NULL,
  `remark` int(11) NOT NULL,
  PRIMARY KEY (`id`)
) ENGINE=MyISAM  DEFAULT CHARSET=utf8 AUTO_INCREMENT=598 ;

--
-- 转存表中的数据 `fn_customer`
--

INSERT INTO `fn_customer` (`id`, `cname`, `phone`, `address`, `salerId`, `debtTime`, `meetTime`, `knot`, `debtBucket`, `debtMoney`, `depositBucket`, `remark`) VALUES
(17, 'D-鑫元超市', '', '胶州市', 5, 30, 30, '52.00', 0, '0.00', 0, 0),
(4, 'D-方圆超市', '15054255307', '胶州张应大河流', 5, 30, 30, '118.00', 0, '0.00', 0, 0),
(16, 'D-联惠超市', '15166693258', '胶州市', 5, 30, 30, '94.00', 0, '0.00', 0, 0),
(6, 'D-道友超市', '13964202057', '胶州市张应镇朱戈村', 5, 30, 30, '70.00', 0, '0.00', 0, 0),
(7, 'D-朱戈刘加油站', '13854207261', '胶州市张应镇朱戈刘村', 5, 30, 30, '63.00', 0, '0.00', 0, 0),
(15, 'D-涝庄', '1855326912', '胶州市', 5, 30, 30, '46.00', 0, '0.00', 0, 0),
(9, 'D-文旭超市', '13969882791', '胶州市张应镇朱戈刘村', 5, 30, 30, '42.00', 0, '0.00', 0, 0),
(10, 'D-白庙子超市', '1334122953', '胶州市张应镇白庙子村', 5, 30, 30, '56.00', 0, '0.00', 0, 0),
(11, 'D-西杭超市', '13210170183', '胶州市', 5, 30, 30, '129.00', 0, '0.00', 0, 0),
(12, 'D-南楼', '', '胶州市', 5, 30, 30, '178.00', 0, '0.00', 4, 0),
(13, 'D-谈家村超市', '15712703701', '胶州市张应镇谈家村', 5, 30, 30, '35.00', 0, '0.00', 0, 0),
(14, 'D-沙河超市 ', '15725268369', '胶州市', 5, 30, 30, '111.00', 0, '0.00', 0, 0),
(18, 'D-应大海', '13668886515', '胶州市', 5, 30, 30, '160.00', 0, '0.00', 0, 0),
(19, 'D-帽厂', '18560638587', '胶州市', 5, 30, 30, '0.00', 10, '591.50', 0, 0),
(20, 'D-朱戈刘修车', '13869833633', '胶州市张应镇朱戈刘村', 5, 30, 30, '0.00', 0, '0.00', 0, 0),
(21, 'D-代子', '', '胶州市张家屯', 5, 30, 30, '0.00', 141, '1455.00', 0, 0),
(22, 'D-张家屯超市', '', '胶州市张家屯', 5, 30, 30, '181.00', 0, '0.00', 0, 0),
(23, 'D-天台', '86275018', '胶州市', 5, 30, 30, '62.00', 0, '0.00', 0, 0),
(24, 'D-东龙泉', '13465680196', '胶州市', 5, 30, 30, '84.00', 0, '0.00', 0, 0),
(25, 'D-东龙泉1', '13465680196', '胶州市', 5, 30, 30, '48.00', 0, '0.00', 0, 0),
(26, 'D-东龙泉2', '', '胶州市', 5, 30, 30, '-45.00', 0, '0.00', -3, 0),
(27, 'D-小楼子', '', '胶州市', 5, 30, 30, '60.00', 0, '0.00', 0, 0),
(28, 'D-李家庄', '13583695846', '胶州市', 5, 30, 30, '21.00', 0, '0.00', 0, 0),
(29, 'D-金涛超市', '13863658334', '胶州市百尺河', 5, 30, 30, '-10.00', 17, '0.00', -25, 0),
(30, 'D-利群超市', '0536-222423', '胶州市百尺河', 5, 30, 30, '300.00', 0, '0.00', 0, 0),
(31, 'D-超市', '', '胶州市百尺河', 5, 30, 30, '0.00', 0, '0.00', 0, 0),
(32, 'D-社区老兴', '', '胶州市百尺河', 5, 30, 30, '33.00', 0, '0.00', 0, 0),
(33, 'D-发达超市', '13853611786', '胶州市土庄', 5, 30, 30, '87.00', 0, '0.00', 0, 0),
(34, 'D-建村超市', '', '胶州市土庄', 5, 30, 30, '0.00', 0, '0.00', 0, 0),
(35, 'D-宏达超市', '15244438666', '胶州市土庄', 5, 30, 30, '93.00', 0, '0.00', 0, 0),
(36, 'D-大福元超市', '', '胶州市拒城河', 5, 30, 30, '572.00', 0, '0.00', 14, 0),
(37, 'D-秀梅超市', '', '胶州市拒城河', 5, 30, 30, '119.00', 0, '0.00', 0, 0),
(38, 'D-超市2', '', '胶州市拒城河', 5, 30, 30, '0.00', 0, '0.00', 0, 0),
(39, 'D-小刘家庄超市', '', '胶州市', 5, 30, 30, '159.00', 0, '0.00', 3, 0),
(40, 'D-周家村超市', '15949786013', '胶州市周家村', 5, 30, 30, '0.00', 0, '0.00', 0, 0),
(41, 'D-王家屯超市', '', '胶州市王家屯', 5, 30, 30, '0.00', 0, '0.00', 0, 0),
(42, 'D-双羊超市', '13173168717', '胶州市', 5, 30, 30, '539.00', 0, '0.00', 0, 0),
(43, 'D-双羊北', '15315367153', '胶州市', 5, 30, 30, '38.00', 0, '0.00', 0, 0),
(44, 'D-泊子超市', '13626465799', '胶州市', 5, 30, 30, '80.00', 0, '0.00', 0, 0),
(45, 'D-律家村东', '0536-2623852', '胶州市', 5, 30, 30, '420.00', 0, '0.00', 0, 0),
(46, 'D-律家村西', '13220768564', '胶州市', 5, 30, 30, '230.00', 0, '0.00', 0, 0),
(47, 'D-律家村户', '', '胶州市律家村', 5, 30, 30, '178.00', -20, '0.00', -1, 0),
(48, 'D-西周阳', '15953617618', '胶州市', 5, 30, 30, '100.00', 0, '0.00', 0, 0),
(49, 'D-周阳户', '15953617618', '胶州市', 5, 30, 30, '0.00', 0, '0.00', 0, 0),
(50, 'D-窝洛', '1393617479', '胶州市', 5, 30, 30, '102.00', 0, '0.00', 0, 0),
(51, 'D-宏峰', '0536-2623814', '胶州市周阳村', 5, 30, 30, '119.00', 0, '0.00', 0, 0),
(52, 'D-信用社户', '15006617300', '胶州市周阳村', 5, 30, 30, '298.00', 0, '0.00', 10, 0),
(53, 'D-家电', '13562678678', '胶州市周阳村', 5, 30, 30, '54.00', 0, '0.00', 0, 0),
(54, 'D-物流', '13606464098', '胶州市周阳', 5, 30, 30, '42.00', 0, '0.00', 0, 0),
(55, 'D-周阳小学', '15863648815', '胶州市周阳', 5, 30, 30, '156.00', 0, '0.00', 0, 0),
(56, 'D-柏城手机', '18763648815', '胶州市柏城', 5, 30, 30, '66.00', 0, '0.00', 0, 0),
(57, 'D-照相', '', '胶州市', 5, 30, 30, '0.00', 0, '0.00', 0, 0),
(58, 'D-锅匡', '13646360838', '胶州市', 5, 30, 30, '132.00', 0, '0.00', 1, 0),
(59, 'D-李家营超市', '13864690896', '胶州市李家营', 5, 30, 30, '55.00', 2, '0.00', 0, 0),
(60, 'D-北大王庄超市', '13645362998', '胶州市北大王庄', 5, 30, 30, '0.00', 0, '0.00', 0, 0),
(61, 'D-富沅', '0536-229074', '胶州市', 5, 30, 30, '700.00', 6, '500.00', 0, 0),
(62, 'D-候家安', '15865575082', '胶州市候家安', 5, 30, 30, '0.00', 0, '0.00', 0, 0),
(63, 'D-姜家屯', '18753604639', '胶州市姜家屯', 5, 30, 30, '102.00', 0, '0.00', 0, 0),
(64, 'D-姜家屯户', '13406645008', '胶州市姜家屯', 5, 30, 30, '30.00', 0, '0.00', 0, 0),
(65, 'D-沙厂', '18365664085', '胶州市姜家屯', 5, 30, 30, '0.00', 0, '0.00', 0, 0),
(66, 'D-停车场', '13792667836', '胶州市姜家屯', 5, 30, 30, '0.00', 0, '0.00', 0, 0),
(67, 'D-陆家村超市', '', '胶州市陆家村', 5, 30, 30, '0.00', 0, '0.00', 0, 0),
(68, 'D-常家庄户', '', '胶州市常家庄户', 5, 30, 30, '51.00', 0, '0.00', 0, 0),
(69, 'D-纺织厂', '13589166000', '胶州市', 5, 30, 30, '0.00', 0, '0.00', 0, 0),
(70, 'D-豪迈', '', '胶州市', 5, 30, 30, '0.00', 0, '0.00', 0, 0),
(71, 'D-胡家村超市', '1321002933', '胶州市', 5, 30, 30, '160.00', 0, '0.00', 0, 0),
(72, 'C-小仁河超市', '15264639149', '胶州市小仁河', 4, 30, 30, '0.00', 0, '0.00', 0, 0),
(73, 'C-友福超市', '', '胶西斗家河崖', 4, 30, 30, '87.00', 0, '0.00', 0, 0),
(74, 'C-手机店', '18753602581', '高密东牟社区', 4, 30, 30, '0.00', 0, '0.00', 0, 0),
(75, 'C-瑞丰超市', '15863257222', '高密市大王庄', 4, 30, 30, '0.00', 0, '0.00', 0, 0),
(76, 'C-家乐超市', '13953653907', '高密刘家庄', 5, 30, 30, '156.00', 0, '0.00', 0, 0),
(77, 'C-芝兰手套', '', '高密芝兰庄', 4, 30, 30, '76.00', 0, '0.00', -2, 0),
(78, 'C-代明文', '', '高密市芝兰庄', 4, 30, 30, '0.00', 0, '0.00', 0, 0),
(79, 'C-向阳超市', '13864677258', '高密市钭沟崖', 4, 30, 30, '0.00', 0, '0.00', 0, 0),
(80, 'C-承泰超市', '', '高密市钭沟崖', 4, 30, 30, '103.00', 0, '0.00', -2, 0),
(81, 'C-东毛超市', '13406468243', '高密市东毛屯', 4, 30, 30, '297.00', 0, '0.00', 0, 0),
(82, 'C-西毛超市', '', '高密市西毛屯', 4, 30, 30, '81.00', 0, '0.00', 0, 0),
(83, 'C-纪家庄', '13780834474', '高密市纪家庄', 4, 30, 30, '102.00', 0, '0.00', 0, 0),
(84, 'C-利民超市', '13021552039', '高密市乔家屯', 4, 30, 30, '0.00', 0, '0.00', 0, 0),
(85, 'C-家硕超市', '15953625336', '高密市乔家屯', 4, 30, 30, '54.00', 0, '0.00', 0, 0),
(86, 'C-万青生活馆', '13589166624', '高密市乔家屯', 4, 30, 30, '0.00', 0, '0.00', 0, 0),
(87, 'C-服装厂', '', '高密市乔家屯', 4, 30, 30, '0.00', 0, '0.00', 0, 0),
(88, 'C-代家屯卖部', '13863608885', '高密代家屯', 4, 30, 30, '281.00', 0, '0.00', 5, 0),
(89, 'C-领峰汇泽', '18561698017', '北外环', 4, 30, 30, '30.00', 0, '0.00', 0, 0),
(90, 'C-海清机械厂', '18724710917', '胶北瓦屋庄', 4, 30, 30, '63.00', 0, '0.00', 0, 0),
(91, 'C-教师三村', '13021683855', '胶州市教师村', 4, 30, 30, '63.00', 0, '0.00', 0, 0),
(92, 'C-恒兴超市', '15864238934', '胶州市北关有士泊', 4, 30, 30, '75.00', 0, '0.00', 0, 0),
(93, 'C-鑫北方', '', '胶州市胶北街道', 4, 30, 30, '386.00', 0, '0.00', 8, 0),
(94, 'C-高盛食品', '18563960530', '胶州市胶北街道', 4, 30, 30, '30.00', 0, '0.00', 0, 0),
(95, 'C-前屯塑料厂', '13792427236', '胶州市胶北街道', 4, 30, 30, '30.00', 0, '0.00', 0, 0),
(96, 'C-七城', '13730939149', '胶州市胶北七城村', 4, 30, 30, '226.00', 0, '0.00', 4, 0),
(97, 'C-刁家屯', '15965561487', '胶州市胶北刁家屯', 4, 30, 30, '0.00', 0, '0.00', 0, 0),
(98, 'C-泉子崖卖部', '15269236069', '胶州市胶北泉子崖村', 4, 30, 30, '78.00', 0, '0.00', 0, 0),
(99, 'C-馒头店', '13969821369', '胶州市胶北泉子崖村', 4, 30, 30, '710.00', 0, '0.00', 0, 0),
(100, 'C-新屯卖部', '', '胶州市胶北新屯村', 4, 30, 30, '60.00', 0, '0.00', 0, 0),
(101, 'C-胶西张家庄', '13954229702', '胶州市胶西张家庄', 4, 30, 30, '0.00', 0, '0.00', 0, 0),
(102, 'C-西丰卖部', '', '胶州市胶北西丰村', 4, 30, 30, '66.00', 0, '0.00', 0, 0),
(103, 'C-丽涵超市', '18753248146', '胶州市胶北镇蔡家寺', 4, 30, 30, '66.00', 0, '0.00', 0, 0),
(104, 'C-胶北幼儿园', '', '胶州市胶北镇王家村', 4, 30, 30, '0.00', 0, '0.00', 0, 0),
(105, 'C-于家村', '', '胶州市胶北镇于家村', 5, 30, 30, '168.00', 0, '0.00', 0, 0),
(106, 'C-焕先超市', '13792865857', '胶州市胶北镇于家村', 4, 30, 30, '48.00', 0, '0.00', 0, 0),
(107, 'C-吉祥超市', '15066232736', '胶州市胶北镇瓦屋庄', 4, 30, 30, '0.00', 0, '0.00', 0, 0),
(108, 'C-德翔超市', '13695328488', '胶州市胶北镇柏兰村', 4, 30, 30, '264.00', 0, '0.00', 0, 0),
(109, 'C-后街卖部', '13791977253', '胶州市胶北镇柏兰村', 4, 30, 30, '0.00', 0, '0.00', 0, 0),
(110, 'C-个人自用-杨宗合', '13963976858', '胶州市胶北镇柏兰村前小楼', 4, 30, 30, '0.00', 0, '0.00', 0, 0),
(111, 'C-长春超市', '15966835673', '胶州市胶北镇宏洋木业边', 4, 30, 30, '153.00', 0, '0.00', 0, 0),
(112, 'C-中心街福彩站', '', '胶州市胶北镇街道十字路口', 4, 30, 30, '0.00', 0, '0.00', 0, 0),
(113, 'C-天拓机械', '', '胶州市广东路1号', 4, 30, 30, '132.00', 0, '0.00', 0, 0),
(114, 'C-海窖生物', '15253257969', '胶州市广东路3号', 4, 30, 30, '27.00', 0, '0.00', 0, 0),
(115, 'C-易购超市', '15898852229', '胶州市谷家庙子', 4, 30, 30, '306.00', 0, '0.00', 0, 0),
(116, 'C-容客超市', '13012950879', '胶州市谷家庙子', 4, 30, 30, '0.00', 0, '0.00', 0, 0),
(117, 'C-云晓超市', '', '胶州市高州路', 4, 30, 30, '51.00', 0, '0.00', 0, 0),
(118, 'C-宏起洋酒', '13606308132', '胶州市胶州东路', 4, 30, 30, '171.00', 0, '0.00', 0, 0),
(119, 'C-凯成菜馆', '', '胶州市胶州东路', 4, 30, 30, '0.00', 0, '0.00', 0, 0),
(120, 'C-兴利电力', '18354233048', '胶州市胶州西路', 4, 30, 30, '6.00', 0, '255.00', 0, 0),
(121, 'C-望川超市', '18005407264', '胶州市谷家庙市场', 4, 30, 30, '204.00', 0, '0.00', 0, 0),
(122, 'C-新华昌食堂', '13165327275', '胶州市胶平路', 4, 30, 30, '156.00', 0, '0.00', 0, 0),
(123, 'C-陆家村超市', '18905329961', '胶州市陆家村', 4, 30, 30, '143.00', 0, '0.00', 2, 0),
(124, 'C-小铺村', '13455257870', '胶州市小铺村', 4, 30, 30, '120.00', 0, '0.00', 0, 0),
(125, 'C-求实超市', '', '胶州市鲍家屯', 4, 30, 30, '0.00', 0, '0.00', 0, 0),
(126, 'C-胶北福彩站', '15020057187', '胶州市胶北街道', 4, 30, 30, '0.00', 0, '0.00', 0, 0),
(127, 'C-利百家超市', '18562560372', '胶州市胶北街道', 5, 30, 30, '69.00', 0, '0.00', 0, 0),
(128, 'C-梁戈庄卖部', '15953285005', '胶州市胶北镇梁戈庄', 4, 30, 30, '246.00', 0, '0.00', 0, 0),
(129, 'C-紫锦阁卖部', '18561478685', '胶州市胶北镇紫锦阁小区', 4, 30, 30, '75.00', 0, '0.00', 0, 0),
(130, 'C-上升超市', '13608988840', '胶州市胶北镇咏春园小区', 4, 30, 30, '1354.00', 0, '0.00', 10, 0),
(131, 'C-聪启商店', '15966834291', '胶州市胶北镇丰子屯', 4, 30, 30, '252.00', 0, '0.00', 3, 0),
(132, 'C-贝克汉堡', '18300270555', '胶州市胶北街道', 4, 30, 30, '72.00', 0, '0.00', 0, 0),
(133, 'C-北关教委', '15588627058', '胶州市莱州路九中', 4, 30, 30, '100.00', 0, '-100.00', 0, 0),
(134, 'C-金祥家园', '13668859659', '胶州市金祥家园小区', 4, 30, 30, '384.00', 0, '0.00', 0, 0),
(135, 'C-众东超市', '15954248637', '胶州市金祥家园小区', 4, 30, 30, '464.00', 0, '0.00', -1, 0),
(136, 'C-星辉超市', '15063995615', '胶州市广州北路', 4, 30, 30, '777.00', 0, '0.00', 0, 0),
(137, 'C-明艳超市', '', '胶州市广州北路', 4, 30, 30, '312.00', 0, '0.00', 0, 0),
(138, 'C-康桥丽苑超市', '13468288056', '胶州市青州路', 4, 30, 30, '333.00', 0, '0.00', 0, 0),
(139, 'C-友天超市', '15066899475', '胶州路广汇小区', 4, 30, 30, '552.00', 0, '0.00', 0, 0),
(140, 'C-宝安超市', '13668859874', '胶州市杭州路北兴', 4, 30, 30, '171.00', 0, '0.00', 0, 0),
(141, 'C-茂源超市', '13791901728', '胶州市北关拥军路', 4, 30, 30, '406.00', 0, '0.00', -5, 0),
(142, 'C-煤场', '', '胶州市北外环', 4, 30, 30, '101.00', 0, '0.00', -1, 0),
(143, 'C-吉泰废铁', '18663977918', '胶州市北外环', 4, 30, 30, '111.00', 0, '0.00', 0, 0),
(144, 'C-五里堆小学超市', '13864863882', '胶州市五里堆小学东', 4, 30, 30, '186.00', 0, '0.00', 0, 0),
(145, 'C-东松园综合超市', '', '胶州市东松园村', 4, 30, 30, '219.00', 0, '0.00', 0, 0),
(146, 'C-大同塑料包装', '13792861295', '胶州市泉州路北', 4, 30, 30, '0.00', -20, '399.00', 0, 0),
(147, 'C-盈佳电子', '13326396915', '胶州市胶东医院北', 4, 30, 30, '0.00', 0, '369.00', 0, 0),
(148, 'C-瑞利特机械', '13808999162', '胶州市云溪路东头', 4, 30, 30, '0.00', 0, '288.00', 0, 0),
(149, 'C-瑞丰苑超市', '13969842739', '胶州市曾家庄瑞丰苑小区', 4, 30, 30, '222.00', 0, '0.00', 0, 0),
(150, 'C-瑞祥苑超市', '18954262019', '胶州市瑞祥苑小区', 4, 30, 30, '477.00', 0, '0.00', 0, 0),
(151, 'C-贵州路22号', '13792468632', '胶州市贵州路22号', 4, 30, 30, '96.00', 0, '0.00', 0, 0),
(152, 'C-鑫林汽修', '15666683344', '胶州市北外环', 4, 30, 30, '0.00', 0, '0.00', 0, 0),
(153, 'C-尤全超市', '', '胶州市陡沟村', 4, 30, 30, '77.00', 0, '0.00', -1, 0),
(154, 'C-百乐超市', '13573899319', '胶州市陡沟村', 4, 30, 30, '300.00', 0, '0.00', 0, 0),
(155, 'C-畅通加油站', '', '胶州市花园树西', 4, 30, 30, '135.00', 0, '0.00', 0, 0),
(156, 'C-金典生化', '15866840243', '胶州市马铁路东', 4, 30, 30, '0.00', 0, '366.00', 0, 0),
(157, 'C-大行笑笑超市', '13791908066', '胶州市大行村', 4, 30, 30, '0.00', 0, '0.00', 0, 0),
(158, 'C-木材市场', '', '胶州市木材市场', 4, 30, 30, '183.00', 0, '0.00', 0, 0),
(159, 'C-山久木工机械', '13761266932', '胶州市陈家屯', 4, 30, 30, '114.00', 0, '0.00', 0, 0),
(160, 'C-天天见超市', '15615122758', '胶州市幸福家园小区', 4, 30, 30, '549.00', 0, '0.00', 0, 0),
(161, 'C-五金店', '', '胶州市杨家林市场', 4, 30, 30, '63.00', 0, '0.00', 0, 0),
(162, 'C-天翔超市', '87259587', '胶州市七公司路口', 4, 30, 30, '288.00', 0, '0.00', 3, 0),
(163, 'C-旺鹏超市', '15969831570', '胶州市高州路', 4, 30, 30, '263.00', 0, '0.00', 5, 0),
(164, 'C-门窗', '13698681753', '胶州市高州路', 4, 30, 30, '33.00', 0, '0.00', 0, 0),
(165, 'C-金和超市', '', '胶州市沈家河村', 4, 30, 30, '174.00', 0, '0.00', 0, 0),
(166, 'C-家先超市', '', '胶州市沈家河村', 4, 30, 30, '72.00', 0, '0.00', 0, 0),
(167, '磨坊', '18254278206', '胶州市沈家河村', 0, 30, 30, '0.00', 0, '0.00', 0, 0),
(168, '张霞超市', '15092088489', '胶州市高州路鸿福家园', 0, 30, 30, '0.00', 0, '0.00', 0, 0),
(169, '瑞衡利群超市', '15153256212', '胶州市高州路', 0, 30, 30, '0.00', 0, '0.00', 0, 0),
(170, 'C-富民宾馆', '', '胶州市高州路', 4, 30, 30, '78.00', 0, '0.00', 0, 0),
(171, 'C-金鑫硕', '', '胶州市莱州路', 4, 30, 30, '36.00', 0, '0.00', 0, 0),
(172, 'C-六福超市', '15063920633', '胶州市莱州路', 4, 30, 30, '0.00', 0, '0.00', 0, 0),
(173, 'A-排骨米饭', '15964248569', '胶州市杜村镇', 0, 30, 30, '0.00', 0, '0.00', 0, 0),
(174, 'A-君朋建材', '17706392436', '胶州市杜村镇', 0, 30, 30, '0.00', 0, '390.00', 0, 0),
(175, 'A-北方国贸', '13736450284', '胶州市杜村镇', 0, 30, 30, '0.00', 0, '0.00', 0, 0),
(176, 'A-小冉', '18561592867', '胶州市胶东镇小西庄', 0, 30, 30, '2684.00', 0, '0.00', 45, 0),
(177, 'A-麻西户', '88260135', '胶州市胶东镇小麻湾西村', 0, 30, 30, '30.00', 0, '0.00', 0, 0),
(178, 'A-小蚂蚁', '13335008072', '胶州市胶东镇小麻湾西村', 0, 30, 30, '126.00', 0, '0.00', 0, 0),
(179, 'A-双星', '15966865648', '胶州市胶东镇小麻湾西村', 0, 30, 30, '104.00', 0, '0.00', 2, 0),
(180, 'A-时运', '88268097', '胶州市胶东镇小麻湾西村', 0, 30, 30, '0.00', 0, '108.00', 0, 0),
(181, 'A-周家庄', '88261937', '胶州市胶东镇周家庄村', 0, 30, 30, '928.00', 0, '0.00', 7, 0),
(182, 'A-明源', '13573855436', '胶州市胶东镇大半窑村', 0, 30, 30, '915.00', 0, '0.00', 0, 0),
(183, 'A-兴昇超市', '18661965585', '胶州市胶东镇大半窑村', 0, 30, 30, '-28.00', 0, '0.00', 0, 0),
(184, 'A-佰顺超市', '13793268806', '胶州市胶东镇大半窑村', 0, 30, 30, '338.00', 0, '0.00', 5, 0),
(185, 'A-顺城超市', '15563996396', '胶州市胶东镇大半窑村', 0, 30, 30, '325.00', 0, '0.00', -10, 0),
(186, 'A-朋程超市', '13606300824', '胶州市胶东镇大半窑村', 0, 30, 30, '220.00', 0, '0.00', 2, 0),
(187, 'A-卫先超市', '88268106', '胶州市胶东镇大半窑村', 0, 30, 30, '120.00', 0, '0.00', 0, 0),
(188, 'A-博物馆', '13305321852', '胶州市胶东镇大半窑村', 0, 30, 30, '0.00', 0, '90.00', 0, 0),
(189, 'A-河套', '18686669515', '胶州市胶东镇河套村', 0, 30, 30, '0.00', 0, '100.00', 0, 0),
(190, 'A-多宝利超市', '18663906028', '胶州市李哥庄镇李家庄村', 0, 30, 30, '520.00', 0, '0.00', 10, 0),
(191, 'A-惠客来超市', '13792438139', '胶州市李哥庄镇李家庄村', 0, 30, 30, '51.00', 0, '0.00', 0, 0),
(192, 'A-魏家屯超市', '13780698272', '胶州市李哥庄镇魏家屯村', 0, 30, 30, '1088.00', 0, '0.00', 2, 0),
(193, 'A-海洋超市', '15153221729', '胶州市李哥庄镇黄家屯村', 0, 30, 30, '0.00', 0, '0.00', 0, 0),
(194, 'A-玉林超市', '18300287372', '胶州市李哥庄镇黄家屯村', 0, 30, 30, '210.00', 0, '0.00', 0, 0),
(195, 'A-派出所', '13864289932', '胶州市李哥庄镇黄家屯村', 0, 30, 30, '0.00', 0, '117.00', 0, 0),
(196, 'A-粮油超市', '73842619', '胶州市李哥庄镇黄家屯村', 0, 30, 30, '193.00', 0, '0.00', -14, 0),
(197, 'A-卫生室', '15966940808', '胶州市李哥庄镇黄家屯村', 0, 30, 30, '24.00', 0, '0.00', 0, 0),
(198, 'A-七彩阳光', '1315388883', '胶州市李哥庄镇黄家屯村', 0, 30, 30, '63.00', 0, '0.00', 0, 0),
(199, 'A-帽厂', '15953258719', '胶州市李哥庄镇大窑村', 0, 30, 30, '240.00', 0, '0.00', 0, 0),
(200, 'A-奶站', '13791908818', '胶州市广州路', 0, 30, 30, '366.00', 0, '0.00', 0, 0),
(201, 'A-青建景苑超市', '1379326678', '胶州市青建景苑小区', 0, 30, 30, '60.00', 0, '0.00', 0, 0),
(202, 'A-仁杰超市', '13698686613', '胶州市梧州路', 2, 30, 30, '952.00', 0, '0.00', 7, 0),
(203, 'A-荣成户', '15610551260', '胶州市宋城美域', 0, 30, 30, '153.00', 0, '0.00', 0, 0),
(204, 'A-瑞衡祥', '15053243596', '胶州市北京路', 0, 30, 30, '0.00', 0, '0.00', 0, 0),
(205, 'A-石锅羊', '18562616828', '胶州市澳门路', 0, 30, 30, '120.00', 0, '0.00', 0, 0),
(206, 'A-实木缘', '15153271388', '胶州市泸州路', 0, 30, 30, '30.00', 0, '0.00', 0, 0),
(207, 'A-舒心超市', '13589247658', '胶州市西湖市场', 0, 30, 30, '679.00', 0, '0.00', -2, 0),
(208, 'A-双坦超市', '18366223207', '胶州市泸州路', 0, 30, 30, '375.00', 0, '0.00', 0, 0),
(209, 'A-双宇超市', '13864273596', '胶州市青州路', 0, 30, 30, '270.00', 0, '0.00', 0, 0),
(210, 'A-利群超市', '18153270774', '胶州市水寨市场', 0, 30, 30, '66.00', 0, '0.00', 0, 0),
(211, 'A-泰瑞德', '13370889936', '胶州市亳州路', 0, 30, 30, '192.00', 0, '0.00', 0, 0),
(212, 'A-桃里超市', '15966853821', '胶州市亳州路', 0, 30, 30, '179.00', 0, '0.00', 2, 0),
(213, 'A-腾实超市', '13792861163', '胶州市北京路', 0, 30, 30, '102.00', 0, '0.00', 0, 0),
(214, 'A-体彩', '87222812', '胶州市泰州路', 0, 30, 30, '291.00', 0, '0.00', 0, 0),
(215, 'A-日泰', '15954200859', '胶州市杨家林', 0, 30, 30, '0.00', 0, '0.00', 0, 0),
(216, 'A-天俄', '13089866175', '胶州市胶州路', 0, 30, 30, '198.00', 0, '0.00', 6, 0),
(217, 'A-天天超市', '13615420610', '胶州市油坊台子', 0, 30, 30, '51.00', 0, '0.00', -10, 0),
(218, 'A-万家客超市', '18153203420', '胶州市北京路', 0, 30, 30, '0.00', 0, '54.00', 0, 0),
(219, 'A-王家滩超市', '13963973306', '胶州市扬州路', 0, 30, 30, '366.00', 0, '0.00', 0, 0),
(220, 'A-旺凯超市', '13964213830', '胶州市扬州路', 0, 30, 30, '117.00', 0, '0.00', 0, 0),
(221, 'A-望月超市', '18560688216', '胶州市兰州西路禧徕乐东馆', 0, 30, 30, '0.00', 0, '0.00', 0, 0),
(222, 'A-我的家超市', '13806392229', '胶州市渤海湾小区', 0, 30, 30, '306.00', 0, '0.00', 0, 0),
(223, 'A-禧徕乐', '15165213513', '胶州市兰州西路禧徕乐', 0, 30, 30, '0.00', 0, '120.00', 0, 0),
(224, 'A-香港花园', '13863965250', '胶州市香港花园', 0, 30, 30, '500.00', 0, '0.00', 15, 0),
(225, 'A-小霞超市', '82282671', '胶州市扬州路', 0, 30, 30, '85.00', 0, '0.00', -2, 0),
(226, 'A-小鱼超市', '15376399101', '胶州市北京路', 0, 30, 30, '189.00', 0, '0.00', 0, 0),
(227, 'A-小媛媛混沌', '18724788830', '胶州市广州路', 0, 30, 30, '216.00', 0, '0.00', 0, 0),
(228, 'A-晓燕超市', '15689997606', '胶州市杭州路', 0, 30, 30, '280.00', 0, '0.00', 4, 0),
(229, 'A-斜庄', '85258917', '胶州市斜庄村', 0, 30, 30, '114.00', 0, '0.00', 0, 0),
(230, 'A-爱购超市', '13280815356', '胶州市南辛置村', 0, 30, 30, '431.00', 0, '0.00', 8, 0),
(231, 'A-爱家生活', '15054896991', '胶州市泸州路', 0, 30, 30, '444.00', 0, '0.00', 0, 0),
(232, 'A-爱上原单', '18661978130', '胶州市常州路', 0, 30, 30, '-10.00', 0, '0.00', -3, 0),
(233, 'A-爱玉幼童', '15689988336', '胶州市常州路', 0, 30, 30, '30.00', 0, '0.00', 0, 0),
(234, 'A-安华超市', '13165000893', '胶州市杨家林', 0, 30, 30, '219.00', 0, '0.00', 0, 0),
(235, 'A-生态超市', '18660269737', '胶州市澳门路', 0, 30, 30, '99.00', 0, '0.00', 0, 0),
(236, 'A-白铁', '13854204758', '胶州市北卧龙村', 0, 30, 30, '90.00', 0, '0.00', 0, 0),
(237, 'A-纺织', '13905427478', '胶州市北京路', 0, 30, 30, '0.00', 0, '0.00', 0, 0),
(238, 'A-永昌超市', '13220876561', '胶州市北京路', 0, 30, 30, '-107.00', 0, '0.00', -20, 0),
(239, 'A-北辛置', '13791931275', '胶州市北辛置村', 0, 30, 30, '480.00', 0, '0.00', 0, 0),
(240, 'A-比华利超市', '13573263982', '胶州市比华利小区', 0, 30, 30, '30.00', 0, '0.00', 0, 0),
(241, 'A-中石化', '18560605535', '胶州市胶州东路', 2, 30, 30, '96.00', 0, '0.00', 0, 0),
(242, 'A-辰龙超市', '13465850131', '胶州市香港路', 0, 30, 30, '152.00', 0, '0.00', 5, 0),
(243, 'A-陈家庄', '17660981108', '胶州市陈家庄', 0, 30, 30, '0.00', 0, '0.00', 0, 0),
(244, 'A-城子户1', '13606308117', '胶州市南城子村', 0, 30, 30, '138.00', 0, '0.00', 0, 0),
(245, 'A-城子户2', '13964262413', '胶州市南城子村', 0, 30, 30, '0.00', 0, '0.00', 0, 0),
(246, 'A-城子户3', '13061346671', '胶州市南城子村', 0, 30, 30, '0.00', 0, '0.00', 0, 0),
(247, 'A-大恒九', '18765206815', '胶州市大恒九村', 0, 30, 30, '586.00', 0, '0.00', 4, 0),
(248, 'A-大同百货', '15806597827', '胶州市大同村', 0, 30, 30, '199.00', 0, '0.00', 2, 0),
(249, 'A-德强超市', '86232888', '胶州市澳门路', 0, 30, 30, '42.00', 0, '0.00', 0, 0),
(250, 'A-东北佬', '13061311013', '胶州市亳州路', 0, 30, 30, '87.00', 0, '0.00', 0, 0),
(251, 'A-东方汽修', '13864831101', '胶州市福州北路', 0, 30, 30, '30.00', 0, '0.00', 0, 0),
(252, 'A-东君超市', '15066856670', '胶州市大恒九村', 0, 30, 30, '39.00', 0, '0.00', 0, 0),
(253, 'A-东亚超市', '15764299830', '胶州市消防大队东侧', 0, 30, 30, '231.00', 0, '0.00', 0, 0),
(254, 'A-胶州市东苑户', '15269258366', '胶州市东苑绿世界小区', 0, 30, 30, '63.00', 0, '0.00', 0, 0),
(255, 'A-酒瓶', '15066180512', '胶州市法家大村', 0, 30, 30, '66.00', 0, '0.00', 0, 0),
(256, 'A-废品', '15908950499', '胶州市杨家林', 0, 30, 30, '276.00', 0, '0.00', 0, 0),
(257, 'A-福里超市', '15763988667', '胶州市广州南路', 0, 30, 30, '3.00', 0, '0.00', 0, 0),
(258, 'A-火烧', '15866883196', '胶州市福州路', 0, 30, 30, '34.00', 0, '0.00', -2, 0),
(259, 'A-福通超市', '13698665535', '胶州市北京西路', 0, 30, 30, '39.00', 0, '0.00', 0, 0),
(260, 'A-富艳超市', '15964973537', '胶州市梧州路', 0, 30, 30, '63.00', 0, '0.00', 0, 0),
(261, 'A-面馆', '13969680105', '胶州市澳门路', 0, 30, 30, '45.00', 0, '0.00', 0, 0),
(262, 'A-钢材户', '15254240861', '胶州市钢材市场', 0, 30, 30, '111.00', 0, '0.00', -50, 0),
(263, 'A-钢沙', '15865561519', '胶州市钢材市场', 0, 30, 30, '24.00', 0, '0.00', 0, 0),
(264, 'A-公安大院', '13780692910', '胶州市常州路公安局家属院', 0, 30, 30, '0.00', 0, '141.00', 0, 0),
(265, 'A-冠秋超市', '18663931732', '胶州市北京路', 0, 30, 30, '150.00', 0, '0.00', 0, 0),
(266, 'A-广汇超市', '13864817190', '胶州市广汇小区', 0, 30, 30, '315.00', 0, '0.00', 0, 0),
(267, 'A-国汇超市', '13573253808', '胶州市大同村', 0, 30, 30, '723.00', 0, '0.00', 0, 0),
(268, 'A-国坤超市', '82225851', '胶州市北京西路', 0, 30, 30, '156.00', 0, '0.00', 0, 0),
(269, 'A-海陆达超市', '17660981057', '胶州市扬州路', 0, 30, 30, '120.00', 0, '0.00', 0, 0),
(270, 'A-海诗超市', '87205188', '胶州市惠州路', 2, 30, 30, '254.00', 0, '0.00', 5, 0),
(271, 'A-韩青超市', '85200431', '胶州市香港路', 0, 30, 30, '60.00', 0, '0.00', 0, 0),
(272, 'A-浩源超市', '13794245996', '胶州市北京路', 0, 30, 30, '207.00', 0, '0.00', 3, 0),
(273, 'A-鸿飞超市', '13361488923', '胶州市泸州路', 0, 30, 30, '21.00', 0, '0.00', 0, 0),
(274, 'A-消防', '18653263212', '胶州市澳门路', 0, 30, 30, '27.00', 0, '0.00', 0, 0),
(275, 'A-华凤娴超市', '18866272661', '胶州市福州路', 0, 30, 30, '193.00', 0, '0.00', 1, 0),
(276, 'A-华丰超市', '13854252579', '胶州市南城子村', 0, 30, 30, '0.00', 0, '0.00', 0, 0),
(277, 'A-汇东超市', '13655424970', '胶州市汇东小区', 0, 30, 30, '156.00', 0, '0.00', 0, 0),
(278, 'A-汇东户', '18053296839', '胶州市汇东小区', 0, 30, 30, '30.00', 0, '0.00', 0, 0),
(279, 'A-慧博户', '18766208581', '胶州市慧博小区', 0, 30, 30, '322.00', 0, '0.00', 4, 0),
(280, 'A-辣子鸡', '18561985211', '胶州市兰州路', 0, 30, 30, '96.00', 0, '0.00', 0, 0),
(281, 'A-奶站', '87239162', '胶州市福州路', 0, 30, 30, '0.00', 0, '0.00', 0, 0),
(282, 'A-胶建筑', '13220851597', '胶州市胶州路', 0, 30, 30, '60.00', 0, '0.00', 0, 0),
(283, 'A-金河超市', '13156259087', '胶州市火车站', 0, 30, 30, '166.00', 0, '0.00', 4, 0),
(284, 'A-金鹏超市', '15588635237', '胶州市兰州路', 0, 30, 30, '0.00', 0, '0.00', 0, 0),
(285, 'A-京华园', '18663985693', '胶州市北京路', 0, 30, 30, '18.00', 0, '0.00', 0, 0),
(286, 'A-敬爱超市', '15865510649', '胶州市亳州路', 0, 30, 30, '249.00', 0, '0.00', 0, 0),
(287, 'A-敬老院', '15653291029', '胶州市火车站', 0, 30, 30, '63.00', 0, '0.00', 0, 0),
(288, 'A-久久超市', '15615121673', '胶州市广州北路', 0, 30, 30, '165.00', 0, '0.00', 0, 0),
(289, 'A-酒店', '13953287377', '胶州市杭州路', 0, 30, 30, '0.00', 0, '0.00', 0, 0),
(290, 'A-君达超市', '15969868573', '胶州市南城子', 0, 30, 30, '285.00', 0, '0.00', 3, 0),
(291, 'A-俊宇超市', '15898821245', '胶州市亳州路', 0, 30, 30, '0.00', 0, '0.00', 0, 0),
(292, 'A-凯胜超市', '13687620111', '胶州市柳州路', 0, 30, 30, '30.00', 0, '0.00', 0, 0),
(293, 'A-春明超市', '15165254457', '胶州市皮衣城', 0, 30, 30, '237.00', 0, '0.00', 0, 0),
(294, 'A-匡庄超市', '13705422452', '胶州市匡家庄', 0, 30, 30, '60.00', 0, '0.00', 0, 0),
(295, 'A-星刚超市', '18153203837', '胶州市北京路', 0, 30, 30, '0.00', 0, '0.00', 0, 0),
(296, 'A-兰州拉面', '15066249431', '胶州市南卧龙', 0, 30, 30, '0.00', 0, '39.00', 0, 0),
(297, 'A-涝洼超市', '18669877789', '胶州市福州路', 0, 30, 30, '81.00', 0, '0.00', 0, 0),
(298, 'A-涝洼花园', '15954272281', '胶州市福州路', 0, 30, 30, '0.00', 0, '0.00', 0, 0),
(299, 'A-李府超市', '18863951640', '胶州市南城子', 0, 30, 30, '540.00', 7, '0.00', 0, 0),
(300, 'A-理发', '13793265831', '胶州市常州路', 0, 30, 30, '24.00', 0, '0.00', 0, 0),
(301, 'A-联谊超市', '15853277933', '胶州市寺门首路', 2, 30, 30, '295.00', 0, '0.00', 1, 0),
(302, 'A-邻家生活', '15820020820', '胶州市市南小区', 2, 30, 30, '0.00', 0, '0.00', 0, 0),
(303, 'A-怡情苑户', '15615522080', '胶州市怡情苑小区', 2, 30, 30, '48.00', 0, '0.00', 0, 0),
(304, 'A-龙湖', '15753253760', '胶州市香港路', 2, 30, 30, '288.00', 0, '0.00', 0, 0),
(305, 'A-龙怡路户', '15615522080', '胶州市龙怡路', 2, 30, 30, '93.00', 0, '0.00', 0, 0),
(306, 'A-险胜', '18660222376', '胶州市寺门首路', 2, 30, 30, '0.00', 0, '0.00', 0, 0),
(307, 'A-篓子底户', '13153259817', '胶州市北京路', 2, 30, 30, '0.00', 0, '0.00', 0, 0),
(308, 'A-卢厂', '18560660071', '胶州市泸州路', 2, 30, 30, '190.00', 0, '0.00', 1, 0),
(309, 'A-苗家村', '18661609119', '胶州市扬州路', 2, 30, 30, '97.00', 0, '0.00', 1, 0),
(310, 'A-明明超市', '13012401885', '胶州市澳门路', 2, 30, 30, '0.00', 0, '0.00', 0, 0),
(311, 'A-明看超市', '18561333783', '胶州市常州路', 2, 30, 30, '36.00', 0, '0.00', 0, 0),
(312, 'A-木材市场', '15064283034', '胶州市木材市场', 2, 30, 30, '504.00', 0, '0.00', 0, 0),
(313, 'A-木羊人', '15589862369', '胶州市郑州路', 2, 30, 30, '18.00', 0, '0.00', 0, 0),
(314, 'A-南关户', '15275259336', '胶州市亳州路', 2, 30, 30, '33.00', 0, '0.00', 0, 0),
(315, 'A-旺凯超市', '13210123357', '胶州市南坦社区', 2, 30, 30, '0.00', 0, '0.00', 0, 0),
(316, 'A-广达超市', '15269288921', '胶州市南卧龙', 2, 30, 30, '0.00', 0, '0.00', 0, 0),
(317, 'A-宁达超市', '18561511837', '胶州市扬州路', 2, 30, 30, '42.00', 0, '0.00', 0, 0),
(318, 'A-七里河', '13336396217', '胶州市七里河村', 2, 30, 30, '177.00', 0, '0.00', 0, 0),
(319, 'A-气站', '87258221', '胶州市杨家林', 2, 30, 30, '0.00', 0, '60.00', 0, 0),
(320, 'A-拉面', '13963928192', '胶州市北京路', 2, 30, 30, '30.00', 0, '0.00', 0, 0),
(321, 'A-新花园', '15192676616', '胶州市澳门路', 2, 30, 30, '0.00', 0, '0.00', 0, 0),
(322, 'A-新疆路', '13220887538', '胶州市新疆路', 2, 30, 30, '0.00', 0, '0.00', 0, 0),
(323, 'A-新泰路', '15192716726', '胶州市西辛置', 2, 30, 30, '0.00', 0, '0.00', 0, 0),
(324, 'A-鑫瑞', '85291275', '胶州市广州路', 2, 30, 30, '378.00', 0, '0.00', 0, 0),
(325, 'A-亚超超市', '85203880', '胶州市雅会村', 2, 30, 30, '234.00', 0, '0.00', 0, 0),
(326, 'A-英成', '13806399692', '胶州市泸州路', 2, 30, 30, '48.00', 0, '0.00', 0, 0),
(327, 'A-姚小姚', '15064882163', '胶州市北京路', 2, 30, 30, '153.00', 0, '0.00', 0, 0),
(328, 'A-迎客家', '18806397507', '胶州市香港花园', 2, 30, 30, '1192.00', 0, '0.00', 4, 0),
(329, 'A-映月园', '13780639917', '胶州市映月园小区', 2, 30, 30, '135.00', 0, '0.00', 0, 0),
(330, 'A-废铁', '15589829726', '胶州市庸村', 2, 30, 30, '0.00', 0, '372.00', 0, 0),
(331, 'A-永昌超市', '87259587', '胶州市北京路', 2, 30, 30, '0.00', 0, '0.00', 0, 0),
(332, 'A-玉洁超市', '13853254816', '胶州市扬州路', 2, 30, 30, '144.00', 0, '0.00', 0, 0),
(333, 'A-玉明超市', '17186710773', '胶州市陈家屯', 2, 30, 30, '0.00', 0, '0.00', 0, 0),
(334, 'A-源城超市①', '18865325416', '胶州市香港路', 2, 30, 30, '0.00', 0, '90.00', 0, 0),
(335, 'A-云翔超市', '18364226153', '胶州市广州路', 2, 30, 30, '0.00', 0, '0.00', 0, 0),
(336, 'A-武术馆', '18653281319', '胶州市胶州路', 2, 30, 30, '108.00', 0, '0.00', 0, 0),
(337, 'A-站太安', '13553032400', '胶州市杭州路', 2, 30, 30, '441.00', 0, '0.00', 0, 0),
(338, 'A-水里', '13061449178', '胶州市赵家小庄', 2, 30, 30, '500.00', 0, '0.00', 0, 0),
(339, 'A-振英超市', '85201838', '胶州市陈家屯', 2, 30, 30, '114.00', 0, '0.00', -3, 0),
(340, 'A-正北小学', '18562616595', '胶州市胶北镇', 2, 30, 30, '0.00', 0, '1368.00', 0, 0),
(341, 'A-正心', '13791995798', '胶州市扬州路', 2, 30, 30, '30.00', 0, '0.00', 0, 0),
(342, 'A-中铁十局', '17306391101', '胶州市北外环', 2, 30, 30, '0.00', 0, '327.00', 0, 0),
(343, 'A-庄里头', '15553231822', '胶州市庄里头小区', 2, 30, 30, '973.00', 0, '0.00', 4, 0),
(344, 'A-华峰超市', '', '', 2, 30, 30, '915.00', 0, '0.00', 0, 0),
(345, 'A-面馆', '', '', 2, 30, 30, '0.00', 0, '0.00', 0, 0),
(346, 'A-禧月汇', '', '胶州市', 2, 30, 30, '0.00', 2, '171.00', 0, 0),
(347, 'A-汉宝超市', '', '胶州市', 2, 30, 30, '30.00', 0, '0.00', 0, 0),
(348, 'A-永康利民超市', '', '胶州市', 2, 30, 30, '0.00', 0, '0.00', 0, 0),
(349, 'A-新城超市', '', '胶州市', 2, 30, 30, '434.00', 15, '0.00', 12, 0),
(350, 'A-金盛源', '', '胶州市', 2, 30, 30, '162.00', 0, '0.00', 0, 0),
(351, 'A-晨恒超市', '', '胶州市', 2, 30, 30, '540.00', 0, '0.00', 0, 0),
(352, 'A-鑫源超市', '', '胶州市', 2, 30, 30, '78.00', 0, '0.00', 0, 0),
(515, 'A-永辉超市', '', '', 2, 30, 30, '500.00', 0, '0.00', 0, 0),
(353, 'A-利民超市', '', '胶州市', 2, 30, 30, '534.00', 0, '0.00', 0, 0),
(354, 'B-佛乐超市', '', '胶州市苑戈庄', 3, 30, 30, '0.00', 0, '0.00', 0, 0),
(355, 'B-爱玉超市', '', '胶州市宋戈庄', 3, 30, 30, '0.00', 0, '0.00', 0, 0),
(356, 'B-中苑超市', '', '胶州市苑戈庄', 3, 30, 30, '0.00', 0, '0.00', 0, 0),
(357, 'B-经典超市', '', '胶州市胶西镇', 3, 30, 30, '210.00', 0, '0.00', 0, 0),
(358, 'B-鹏羊超市', '', '胶州市胶西镇', 3, 30, 30, '42.00', 0, '0.00', 0, 0),
(359, 'B-胶西', '', '胶州市胶西镇', 3, 30, 30, '36.00', 0, '0.00', 0, 0),
(360, 'B-雪雪超市', '', '胶州市胶西镇', 3, 30, 30, '373.00', 0, '0.00', 10, 0),
(361, 'B-美日超市', '', '胶州市胶西镇', 3, 30, 30, '284.00', 0, '0.00', 5, 0),
(362, 'B-吉祥超市', '', '胶州市胶西镇', 3, 30, 30, '90.00', 0, '0.00', 0, 0),
(363, 'B-粮油', '', '胶州市胶西镇', 3, 30, 30, '75.00', 0, '0.00', 0, 0),
(364, 'B-思达教育', '', '胶州市胶西镇', 3, 30, 30, '51.00', 0, '0.00', 0, 0),
(365, 'B-宏洋木业超市', '', '胶州市胶北镇', 3, 30, 30, '0.00', 0, '0.00', 0, 0),
(366, 'B-宏洋木业', '', '胶州市胶北镇', 3, 30, 30, '171.00', 0, '576.00', 0, 0),
(367, 'B-奥宇超市', '', '胶州市陈家村', 3, 30, 30, '213.00', 0, '0.00', 0, 0),
(368, 'B-龙安泰超市', '', '胶州市陈家村', 3, 30, 30, '0.00', 0, '185.50', 0, 0),
(369, 'B-温馨超市', '', '胶州市阜安工业园', 3, 30, 30, '0.00', 0, '0.00', 0, 0),
(370, 'B-圆梦超市', '', '胶州市阜安工业园', 3, 30, 30, '0.00', 0, '0.00', 0, 0),
(371, 'B-方建超市', '', '胶州市阜安工业园', 3, 30, 30, '0.00', 0, '122.50', 0, 0),
(372, 'B-玥新超市', '', '胶州市阜安工业园', 3, 30, 30, '0.00', 0, '0.00', 0, 0),
(373, 'B-顺利超市', '', '胶州市宋家泊子', 3, 30, 30, '69.00', 0, '0.00', 0, 0),
(374, 'B-东升永吉超市', '', '胶州市马店镇', 3, 30, 30, '430.00', 0, '0.00', 11, 0),
(375, 'B-林硕超市', '', '胶州市马店镇', 3, 30, 30, '72.00', 0, '0.00', 0, 0),
(376, 'B-三信超市', '', '胶州市马店镇', 3, 30, 30, '387.00', 0, '0.00', 0, 0),
(377, 'B-爽悦超市', '', '胶州市马店镇', 3, 30, 30, '0.00', 0, '0.00', 0, 0),
(378, 'B-圣奉超市', '', '胶州市马店镇', 3, 30, 30, '0.00', 0, '0.00', 0, 0),
(379, 'B-建群超市', '', '胶州市马店镇', 3, 30, 30, '704.00', 0, '0.00', 0, 0),
(380, 'B-马店', '', '胶州市马店镇', 3, 30, 30, '0.00', 0, '0.00', 0, 0),
(381, 'B-小杜戈庄庄超市', '', '胶州市小杜戈庄', 3, 30, 30, '0.00', 0, '0.00', 0, 0),
(382, 'B-中铁十局', '', '胶州市胶莱镇', 3, 30, 30, '0.00', 0, '0.00', 0, 0),
(383, 'B-禄丰超市', '', '胶州市胶莱镇', 3, 30, 30, '138.00', 0, '0.00', 0, 0),
(384, 'B-鑫华源超市', '', '胶州市胶莱镇', 3, 30, 30, '0.00', 0, '0.00', 0, 0),
(385, 'B-福茗轩超市', '', '胶州市胶莱镇', 3, 30, 30, '75.00', 0, '0.00', 0, 0),
(386, 'B-辉航超市', '', '胶州市胶莱镇', 3, 30, 30, '705.00', 0, '0.00', 21, 10),
(387, 'B-化肥超市', '', '胶州市胶莱镇', 3, 30, 30, '0.00', 0, '0.00', 0, 10),
(388, 'B-瑞祥超市', '', '胶州市胶莱镇', 3, 30, 30, '165.00', 0, '0.00', 0, 0),
(389, 'B-王疃', '', '胶州市胶莱镇', 3, 30, 30, '0.00', 0, '0.00', 0, 0),
(390, 'B-南顶子', '', '胶州市胶莱镇南顶子', 3, 30, 30, '0.00', 0, '0.00', 0, 0),
(391, 'B-如家超市', '', '胶州市胶莱镇小高村', 3, 30, 30, '0.00', 0, '0.00', 0, 0),
(392, 'B-晨红超市', '', '胶州市胶莱镇前韩哥庄', 3, 30, 30, '0.00', 0, '0.00', 0, 0),
(393, 'B-金六福超市', '', '胶州市胶莱镇小高于家村', 3, 30, 30, '312.00', 0, '0.00', 0, 0),
(394, 'B-腾腾超市', '', '胶州市胶莱镇小高于家村', 3, 30, 30, '102.00', 0, '0.00', 0, 0),
(395, 'B-远航超市', '', '胶州市胶莱镇小高于家村', 3, 30, 30, '27.00', 0, '0.00', 0, 0),
(396, 'B-春泉超市', '', '胶州市胶莱镇小高于家村', 3, 30, 30, '0.00', 0, '0.00', 0, 0),
(397, 'B-便民超市', '', '胶州市胶莱镇小高于家村', 3, 30, 30, '0.00', 0, '0.00', 0, 0),
(398, 'B-辣强仔', '', '胶州市胶莱镇小高于家村', 3, 30, 30, '0.00', 0, '0.00', 0, 0),
(399, 'B-创达对面', '', '胶州市罗家村', 3, 30, 30, '0.00', 0, '0.00', 0, 0),
(400, 'B-罗家村', '', '胶州市胶莱镇', 3, 30, 30, '111.00', 0, '42.00', 0, 0),
(401, 'B-海燕超市', '', '胶州市胶莱镇罗家村', 3, 30, 30, '0.00', 0, '0.00', 0, 0),
(402, 'B-中建嘉业', '', '胶州市后辛庄', 3, 30, 30, '0.00', 0, '189.00', 0, 0),
(403, 'B-中建超市', '', '胶州市机厂', 3, 30, 30, '0.00', 0, '0.00', 0, 0),
(404, 'B-浴池', '', '胶州市北外环', 3, 30, 30, '96.00', 0, '0.00', 0, 0),
(405, 'B-田园超市', '', '胶州市海尔大道北', 3, 30, 30, '126.00', 0, '0.00', 0, 0),
(406, 'B-永顺超市', '', '胶州市海尔大道北', 3, 30, 30, '-47.00', 0, '0.00', -5, 0),
(407, 'B-万盛隆超市', '', '胶州市海尔大道北', 3, 30, 30, '0.00', 0, '0.00', 0, 0),
(408, 'B-一路顺超市', '', '胶州市海尔大道北', 3, 30, 30, '0.00', 0, '0.00', 0, 0),
(409, 'B-氧气厂', '', '胶州市海尔大道西', 3, 30, 30, '0.00', 0, '0.00', 0, 0),
(410, 'B-腾飞超市', '', '胶州市北外环', 3, 30, 30, '0.00', 0, '0.00', 0, 0),
(411, 'B-重汽', '', '胶州市北外环', 3, 30, 30, '51.00', 0, '0.00', 0, 0),
(412, 'B-北关加油站', '', '胶州市北关', 3, 30, 30, '0.00', 0, '42.00', 0, 0),
(413, 'B-赵家园', '', '胶州市赵家园', 3, 30, 30, '0.00', 0, '0.00', 0, 0),
(414, 'B-新生活超市', '', '胶州市李家河', 3, 30, 30, '48.00', 0, '0.00', 0, 0),
(415, 'B-利军超市', '', '胶州市李家河', 3, 30, 30, '216.00', 0, '0.00', 0, 0),
(416, 'B-利军超市', '', '胶州市李家河', 3, 30, 30, '0.00', 0, '0.00', 0, 0),
(417, 'B-三信超市', '', '胶州市李家河', 3, 30, 30, '0.00', 0, '0.00', 0, 0),
(418, 'B-阳光超市', '', '胶州市李家河', 3, 30, 30, '24.00', 0, '0.00', 0, 0),
(419, 'B-凯利超市', '', '胶州市李家河', 3, 30, 30, '342.00', 0, '0.00', 8, 0),
(420, 'B-李家河小区', '', '胶州市李家河', 3, 30, 30, '57.00', -10, '-30.00', 0, 0),
(421, 'B-国娟超市', '', '胶州市李家河', 3, 30, 30, '150.00', 0, '0.00', 0, 0),
(422, 'B-格林豪泰', '', '胶州市李家河小区', 3, 30, 30, '0.00', 0, '0.00', 0, 0),
(423, 'B-鹏悦超市', '', '胶州市南庄', 3, 30, 30, '24.00', 0, '0.00', 0, 0),
(424, 'B-克永超市', '', '胶州市胶东镇', 3, 30, 30, '57.00', 0, '0.00', 0, 0),
(425, 'B-龙昊宇超市', '', '胶州市胶东镇', 3, 30, 30, '174.00', 0, '0.00', 0, 0),
(426, 'B-顺德超市', '', '胶州市麻湾', 3, 30, 30, '42.00', 0, '0.00', 0, 0),
(427, 'B-利峰超市', '', '胶州市胶东镇', 3, 30, 30, '0.00', 0, '0.00', 0, 0),
(428, 'B-金源超市', '', '胶州市大西庄', 3, 30, 30, '48.00', 0, '0.00', 0, 0),
(429, 'B-汇晨超市', '', '胶州市云丰路', 3, 30, 30, '0.00', -3, '195.00', 0, 0),
(430, 'B-和事达', '', '胶州市云丰路', 3, 30, 30, '0.00', 0, '0.00', 0, 0),
(431, 'B-美村超市', '', '胶州市盛福里', 3, 30, 30, '0.00', 0, '0.00', 0, 0),
(432, 'B-文苑超市', '', '胶州市蓝水假期', 3, 30, 30, '0.00', 0, '0.00', 0, 0),
(433, 'B-继明超市', '', '胶州市一品苑', 3, 30, 30, '213.00', 0, '0.00', 0, 0),
(434, 'B-书香超市', '', '胶州市书苑', 3, 30, 30, '171.00', 0, '0.00', 0, 0),
(435, 'B-刘家村超市', '', '胶州市刘家村', 3, 30, 30, '126.00', 0, '0.00', 0, 0),
(436, 'B-高辛庄超市', '', '胶州市高辛庄', 3, 30, 30, '216.00', 0, '-135.00', 0, 0),
(437, 'B-润铁超市', '', '胶州市柳沟村', 3, 30, 30, '0.00', 0, '0.00', 0, 0),
(438, 'B-十五里夼', '', '胶州市十五里夼', 3, 30, 30, '0.00', 0, '0.00', 0, 0),
(439, 'B-和平超市', '', '胶州市芝兰庄', 3, 30, 30, '55.00', 0, '0.00', 0, 0),
(440, 'B-芝兰超市', '', '胶州市芝兰屯', 3, 30, 30, '172.00', 0, '0.00', 0, 0),
(441, 'B-宫家', '', '高密市宫家屯', 3, 30, 30, '494.00', 43, '0.00', 0, 0),
(442, 'B-茂昌超市', '', '高密市姚戈庄', 3, 30, 30, '0.00', 0, '0.00', 0, 0),
(443, 'B-英家超市', '', '胶州市茅家庄', 3, 30, 30, '0.00', 0, '0.00', 0, 0),
(444, 'B-宋家营超市', '', '高密市宋家营', 3, 30, 30, '0.00', 0, '75.00', 0, 0),
(445, 'B-尚温超市', '', '胶州市九龙镇', 3, 30, 30, '21.00', 0, '0.00', 0, 0),
(446, 'B-乐农家', '', '胶州市九龙镇', 3, 30, 30, '0.00', 0, '63.00', 0, 10),
(447, 'B-尤乐超市', '', '胶州市九龙镇', 3, 30, 30, '0.00', 0, '0.00', 0, 0),
(448, 'B-城铁超市', '', '胶州市九龙镇', 3, 30, 30, '0.00', 0, '0.00', 0, 0),
(449, 'B-昊坤超市', '', '胶州市九龙镇', 3, 30, 30, '0.00', 0, '0.00', 0, 0),
(450, 'B-如海超市', '', '胶州市九龙镇', 3, 30, 30, '0.00', 0, '0.00', 0, 0),
(451, 'B-利群超市', '', '胶州市九龙镇', 3, 30, 30, '0.00', 0, '0.00', 0, 0),
(452, 'B-人口', '', '胶州市九龙镇', 3, 30, 30, '0.00', 0, '0.00', 0, 0),
(453, 'B-榕信', '', '胶州市王台', 3, 30, 30, '0.00', 0, '75.00', 0, 0),
(454, 'B-中村', '', '胶州市王台中村', 3, 30, 30, '0.00', 0, '0.00', 0, 0),
(455, 'B-赵家小庄', '', '胶州市赵家小庄', 3, 30, 30, '0.00', 0, '0.00', 0, 0),
(456, 'B-后夼超市', '', '胶州市后夼', 3, 30, 30, '0.00', 0, '0.00', 0, 0),
(457, 'B-恬恬超市', '', '胶州市王家滩', 3, 30, 30, '0.00', 0, '0.00', 0, 0),
(458, 'B-小后胜超市', '', '胶州市小后胜村', 3, 30, 30, '0.00', 0, '0.00', 0, 0),
(459, 'B-产业园西', '', '胶州市产业园', 2, 30, 30, '500.00', 0, '132.00', 20, 0),
(460, 'B-胶邦里仁', '', '胶州市产业园', 3, 30, 30, '552.00', 0, '0.00', 0, 0),
(461, 'B-天齐超市', '', '胶州市产业园', 3, 30, 30, '0.00', 0, '0.00', 0, 0),
(462, 'B-中集北', '', '胶州市产业园', 3, 30, 30, '0.00', 0, '0.00', 0, 0),
(463, 'A-亚奎超市', '', '', 2, 30, 30, '257.00', 0, '0.00', 5, 0),
(464, 'A-辛庄', '', '', 2, 30, 30, '-628.00', 0, '0.00', -28, 0),
(465, 'A-学朋超市', '', '', 2, 30, 30, '27.00', 0, '0.00', 0, 0),
(466, 'A-雪茶超市', '', '', 2, 30, 30, '33.00', 0, '0.00', 0, 0),
(467, 'A-胶州库', '', '', 2, 30, 30, '0.00', 32, '0.00', 0, 0),
(468, 'B-胶州库', '', '', 3, 30, 30, '0.00', 0, '0.00', 0, 0),
(469, 'C-胶州库', '', '', 4, 30, 30, '0.00', 0, '0.00', 0, 0),
(470, 'D-胶州库', '', '', 5, 30, 30, '0.00', 0, '0.00', 0, 0),
(471, 'A-社区', '', '', 2, 30, 30, '0.00', 1, '18.00', 0, 0),
(472, 'A-鑫都', '', '', 2, 30, 30, '18.00', 0, '0.00', 0, 0),
(473, 'A-鑫露超市', '', '', 2, 30, 30, '-175.00', 0, '0.00', -7, 0),
(474, 'A-北方', '', '', 2, 30, 30, '54.00', 0, '0.00', 0, 0),
(475, 'A-日太', '', '', 2, 30, 30, '0.00', 0, '60.00', 0, 0),
(476, 'A-育材超市', '', '', 2, 30, 30, '0.00', 0, '270.00', 0, 0),
(477, 'A-庸村户', '', '', 2, 30, 30, '201.00', 0, '0.00', 0, 0),
(478, 'A-金勉超市', '', '', 2, 30, 30, '96.00', 0, '0.00', 0, 0),
(479, 'A-旺旺超市', '', '', 2, 30, 30, '144.00', 0, '0.00', 0, 0),
(480, 'A-心连心超市', '', '', 2, 30, 30, '397.00', 0, '0.00', 4, 0),
(481, 'A-饭店', '', '', 2, 30, 30, '150.00', 0, '0.00', 0, 0),
(482, 'A-中化石油（李哥庄）', '', '', 2, 30, 30, '0.00', 0, '0.00', 0, 0),
(483, 'A-云涛超市', '', '', 2, 30, 30, '0.00', 0, '0.00', 0, 0),
(484, 'A-三信超市', '', '', 2, 30, 30, '54.00', 0, '0.00', 0, 0),
(485, 'A-亚宁超市', '', '', 2, 30, 30, '222.00', 0, '0.00', 0, 0),
(486, 'A-育铭', '', '', 2, 30, 30, '183.00', 0, '0.00', 0, 0),
(487, 'A-水果', '', '', 2, 30, 30, '207.00', 0, '0.00', 3, 0),
(488, 'A-车行', '', '', 2, 30, 30, '33.00', 0, '0.00', 0, 0),
(489, 'A-金杰利群超市', '', '', 2, 30, 30, '125.00', 0, '27.00', 5, 0),
(490, 'A-鑫泰隆', '', '', 2, 30, 30, '183.00', 0, '0.00', 0, 0),
(491, 'A-瑞恒祥', '', '', 2, 30, 30, '192.00', 0, '0.00', 0, 0),
(492, 'A-烧肉', '', '', 2, 30, 30, '144.00', 0, '0.00', 0, 0),
(493, 'A-源城超市②', '', '', 2, 30, 30, '250.00', 0, '30.00', 0, 0),
(494, 'A-隆胜', '', '', 2, 30, 30, '102.00', 0, '0.00', 0, 0),
(495, 'A-东苑户', '', '', 2, 30, 30, '99.00', 0, '0.00', 0, 0),
(496, 'A-晨龙超市', '', '', 2, 30, 30, '42.00', 0, '0.00', 0, 0),
(497, 'A-东海洋', '', '', 2, 30, 30, '1350.00', 0, '0.00', 0, 0),
(498, 'A-美窖', '', '', 2, 30, 30, '27.00', 0, '0.00', 0, 0),
(499, 'A-东亚超市', '', '', 2, 30, 30, '0.00', 0, '0.00', 0, 0),
(500, 'A-新天地超市', '', '', 2, 30, 30, '72.00', 0, '0.00', 0, 0),
(501, 'A-丽程超市', '', '', 2, 30, 30, '0.00', 0, '0.00', 0, 0),
(502, 'A-赵小户', '', '', 2, 0, 0, '42.00', 0, '0.00', 0, 0),
(503, 'A-文悦超市', '', '', 2, 30, 30, '164.00', 0, '0.00', 2, 0),
(504, 'A-南卧龙户', '', '', 2, 30, 30, '30.00', 0, '0.00', 0, 0),
(505, 'A-浩宇超市', '', '', 2, 30, 30, '110.00', 0, '0.00', 2, 0),
(506, 'A-石林超市', '', '', 2, 30, 30, '108.00', 0, '0.00', 0, 0),
(507, 'A-永丰超市', '', '', 2, 30, 30, '100.00', 0, '0.00', 4, 0),
(508, 'A-格林豪泰', '', '', 2, 30, 30, '450.00', 0, '0.00', 0, 0),
(509, 'A-综合超市', '', '', 2, 30, 30, '450.00', 0, '0.00', 0, 0),
(510, 'A-晓璇超市', '', '', 2, 0, 0, '0.00', 0, '0.00', 0, 0),
(511, 'A-托管', '', '', 2, 0, 0, '-73.00', 0, '0.00', -4, 0),
(512, 'A-小胡子', '', '', 2, 30, 30, '45.00', 0, '0.00', 0, 0),
(513, 'A-京华苑', '', '', 2, 30, 30, '18.00', 0, '0.00', 0, 0),
(514, 'A-喜美家超市', '', '', 2, 30, 30, '39.00', 0, '0.00', 0, 0),
(516, 'A-永辉超市', '', '', 2, 0, 0, '0.00', 0, '0.00', 0, 0),
(517, 'A-城市花园', '', '', 2, 0, 0, '1800.00', 0, '0.00', 0, 0),
(518, 'A-美食客超市', '', '', 2, 0, 0, '0.00', 0, '0.00', 0, 0),
(519, 'A-正北校长', '', '', 2, 30, 30, '0.00', -11, '60.00', 0, 0),
(520, 'A-针织', '', '', 2, 30, 30, '60.00', 0, '0.00', 0, 0),
(521, 'A-泗德超市', '', '', 2, 30, 30, '-500.00', 0, '0.00', -20, 0),
(522, 'A-富燕超市', '', '', 2, 30, 30, '144.00', 2, '0.00', 0, 0),
(523, 'A-王家小庄', '', '', 2, 30, 30, '27.00', 0, '0.00', 0, 0),
(524, 'A-郑小户', '', '', 2, 30, 30, '36.00', 0, '0.00', 0, 0),
(525, 'A-休闲', '', '', 2, 0, 0, '0.00', 0, '60.00', 0, 0),
(526, 'A-九龙塘', '', '', 2, 0, 0, '30.00', 0, '0.00', 0, 0),
(527, 'A-九州', '', '', 2, 0, 0, '48.00', 0, '0.00', 0, 0),
(528, 'A-羊汤', '', '', 2, 30, 30, '336.00', 0, '0.00', 12, 0),
(529, 'A-智努超市', '', '', 2, 30, 30, '33.00', 0, '0.00', 0, 0),
(530, 'Ｂ-天齐超市', '', '', 3, 30, 30, '0.00', 0, '30.00', 0, 0),
(531, 'Ｂ　-中建嘉业', '', '', 3, 30, 30, '0.00', 0, '150.00', 0, 0),
(532, 'B-于家村后', '', '', 3, 30, 30, '42.00', 0, '0.00', 0, 0),
(533, 'B-如意超市', '', '', 2, 30, 30, '123.00', 0, '0.00', 0, 0),
(534, 'B-栾家村超市', '', '', 3, 30, 30, '84.00', 0, '0.00', 0, 0),
(535, 'B-保税', '', '', 3, 30, 30, '24.00', 0, '0.00', 0, 0),
(536, 'B-传化', '', '', 3, 30, 30, '129.00', 0, '0.00', 0, 0),
(537, 'B-蓝水超市', '', '', 3, 30, 30, '148.00', 0, '0.00', 4, 0),
(538, 'B-王家滩超市', '', '', 3, 30, 30, '600.00', 0, '0.00', 10, 0),
(539, 'B-宏润超市', '', '', 3, 30, 30, '42.00', 0, '0.00', 0, 0),
(540, 'B-盛福里', '', '', 3, 30, 30, '138.00', 0, '0.00', 0, 0),
(541, 'B-黄家', '', '', 3, 30, 30, '95.00', 0, '0.00', 0, 0),
(542, 'B-车家河', '', '', 3, 30, 30, '63.00', 0, '0.00', 0, 0),
(543, 'B-和盛达', '', '', 3, 30, 30, '108.00', 0, '-60.00', 0, 0),
(544, 'B-龙泉超市', '', '', 3, 30, 30, '42.00', 0, '0.00', 0, 0),
(545, 'C-鸿福家园', '', '', 4, 30, 30, '865.00', 0, '0.00', 2, 0),
(546, 'C-子江超市', '', '', 4, 30, 30, '282.00', 0, '0.00', 0, 0),
(547, 'C-小天使超市', '', '', 4, 30, 30, '81.00', 0, '0.00', 0, 0),
(548, 'C-大同户', '', '', 4, 30, 30, '39.00', 0, '0.00', 0, 0),
(549, 'C-大恒九', '', '', 4, 30, 30, '57.00', 0, '0.00', 0, 0),
(550, 'C-钭沟', '', '', 4, 30, 30, '420.00', 0, '0.00', 0, 0),
(551, 'C-大屯', '', '', 4, 30, 30, '420.00', 0, '0.00', 0, 0),
(552, 'C-柏兰', '', '', 4, 30, 30, '276.00', 0, '0.00', 3, 0),
(553, 'C-废品', '', '', 4, 30, 30, '36.00', 0, '0.00', 0, 0),
(554, 'C-秋连庄', '', '', 4, 30, 30, '36.00', 0, '0.00', 0, 0),
(555, 'C-鹏举超市', '', '', 4, 30, 30, '42.00', 0, '0.00', 0, 0),
(556, 'C-磨坊', '', '', 4, 30, 30, '204.00', 0, '0.00', 0, 0),
(557, 'C-顶信汽修', '', '', 4, 30, 30, '33.00', 0, '0.00', 0, 0),
(558, 'C-托管', '', '', 4, 30, 30, '179.00', 0, '0.00', 5, 0),
(559, 'C-大王庄', '', '', 4, 30, 30, '456.00', 0, '0.00', 0, 0),
(560, 'C-海洋超市', '', '', 4, 30, 30, '-57.00', 0, '0.00', -6, 0),
(561, 'C-北塑机械', '', '', 4, 30, 30, '57.00', 0, '72.00', 0, 0),
(562, 'C-彩票', '', '', 4, 30, 30, '167.00', 0, '0.00', 2, 0),
(563, 'C-张家庄', '', '', 4, 30, 30, '45.00', 0, '0.00', 0, 0),
(564, 'C-九九超市', '', '', 4, 30, 30, '45.00', 0, '0.00', 0, 0);
INSERT INTO `fn_customer` (`id`, `cname`, `phone`, `address`, `salerId`, `debtTime`, `meetTime`, `knot`, `debtBucket`, `debtMoney`, `depositBucket`, `remark`) VALUES
(565, 'C-马店林硕超市', '', '', 4, 30, 30, '0.00', 0, '0.00', 0, 0),
(566, 'C-胶莱世平超市', '', '', 4, 30, 30, '0.00', 0, '0.00', 0, 0),
(567, 'C-胶莱禄丰超市', '', '', 4, 30, 30, '400.00', 0, '0.00', 0, 0),
(568, 'C-胶莱全全超市', '', '', 4, 30, 30, '0.00', 0, '0.00', 0, 0),
(569, 'C-张氏门窗', '', '', 4, 30, 30, '45.00', 0, '0.00', 0, 0),
(570, 'C-杨东工艺', '', '', 4, 30, 30, '75.00', 0, '0.00', 0, 0),
(571, 'C-利群超市', '', '', 4, 30, 30, '177.00', 0, '0.00', 0, 0),
(572, 'C-', '', '', 4, 30, 30, '69.00', 0, '0.00', 0, 0),
(585, 'C-鲍家屯', '', '', 4, 30, 30, '42.00', 0, '0.00', 0, 0),
(573, 'C-王家村', '', '', 4, 30, 30, '147.00', 0, '0.00', 0, 0),
(574, 'C-众福超市', '', '', 4, 30, 30, '168.00', 0, '0.00', 0, 0),
(575, 'C-瓦屋庄', '', '', 4, 30, 30, '135.00', 0, '0.00', 0, 0),
(576, 'C-东石河红伟超市', '', '', 4, 30, 30, '0.00', 0, '0.00', 0, 0),
(577, 'C-网吧', '', '', 4, 30, 30, '30.00', 0, '0.00', 0, 0),
(578, 'C-美宜超市', '', '', 4, 30, 30, '42.00', 0, '0.00', 0, 0),
(579, 'C-邰家村', '', '', 4, 30, 30, '25.00', 0, '0.00', -2, 0),
(580, 'C-蔡家寺', '', '', 4, 30, 30, '60.00', 0, '0.00', 0, 0),
(581, 'C-新疆烧烤', '', '', 4, 30, 30, '395.00', 0, '0.00', 14, 0),
(582, 'C-迎客家', '', '', 4, 30, 30, '900.00', 0, '0.00', 0, 0),
(583, 'C-三星齿轮厂', '', '', 4, 30, 30, '1000.00', 0, '0.00', 0, 0),
(584, 'C-马店东方', '', '', 4, 30, 30, '1000.00', 0, '0.00', 0, 0),
(586, 'C-鲍家屯', '', '', 4, 30, 30, '0.00', 0, '0.00', 0, 0),
(587, 'D-土庄', '', '', 5, 30, 30, '141.00', 0, '0.00', 0, 0),
(588, 'D-建材', '', '', 5, 30, 30, '60.00', 0, '0.00', 0, 0),
(589, 'D-二十三中', '', '', 4, 30, 30, '0.00', 0, '660.00', 0, 0),
(590, 'D-利民超市', '', '', 5, 30, 30, '85.00', 0, '0.00', 0, 0),
(591, 'D-加油站', '', '', 5, 30, 30, '21.00', 0, '0.00', 0, 0),
(592, 'D-大王庄', '', '', 5, 30, 30, '102.00', 0, '0.00', 0, 0),
(593, 'D-闫家村', '', '', 5, 30, 30, '101.00', 0, '0.00', 0, 0),
(594, 'D-修车', '', '', 5, 30, 30, '9.00', 0, '0.00', 0, 0),
(595, 'D-侯家安', '', '', 5, 30, 30, '52.00', 0, '0.00', 0, 0),
(596, 'D-路家庄', '', '', 5, 30, 30, '27.00', 0, '0.00', 0, 0),
(597, 'B-沃丰', '', '', 3, 30, 30, '0.00', 3, '96.00', 0, 0);

-- --------------------------------------------------------

--
-- 表的结构 `fn_customer_price`
--

CREATE TABLE IF NOT EXISTS `fn_customer_price` (
  `id` int(11) NOT NULL AUTO_INCREMENT,
  `unit` varchar(20) NOT NULL COMMENT '单位',
  `price` decimal(10,2) NOT NULL COMMENT '单价',
  `customerId` int(11) NOT NULL,
  PRIMARY KEY (`id`)
) ENGINE=MyISAM  DEFAULT CHARSET=utf8 AUTO_INCREMENT=612 ;

--
-- 转存表中的数据 `fn_customer_price`
--

INSERT INTO `fn_customer_price` (`id`, `unit`, `price`, `customerId`) VALUES
(1, '测试大桶水', '3.00', 1),
(2, '矿泉水', '1.00', 1),
(3, '桶', '2.00', 3),
(4, '桶', '2.00', 4),
(5, '桶', '2.80', 14),
(6, '桶', '2.50', 13),
(7, '桶', '2.00', 12),
(8, '桶', '2.50', 11),
(9, '桶', '2.00', 10),
(10, '桶', '2.00', 9),
(11, '桶', '2.20', 8),
(12, '桶', '3.00', 7),
(13, '桶', '2.50', 6),
(14, '桶', '2.00', 17),
(15, '桶', '2.00', 16),
(16, '桶', '2.00', 15),
(17, '桶', '2.00', 18),
(18, '桶', '2.50', 19),
(19, '桶', '3.00', 20),
(20, '', '3.00', 73),
(21, '', '3.00', 74),
(22, '', '3.00', 75),
(23, '', '3.00', 76),
(24, '', '3.00', 77),
(25, '', '3.00', 78),
(26, '', '3.00', 79),
(27, '', '3.00', 80),
(28, '', '3.00', 81),
(29, '', '3.00', 82),
(30, '', '3.00', 83),
(31, '', '3.00', 85),
(32, '', '3.00', 86),
(33, '', '3.00', 87),
(34, '', '3.00', 89),
(35, '', '3.00', 90),
(36, '', '3.00', 91),
(37, '', '3.00', 92),
(38, '', '3.00', 93),
(39, '', '3.00', 94),
(40, '', '3.00', 95),
(41, '', '3.00', 97),
(42, '', '3.00', 99),
(43, '', '3.00', 100),
(44, '', '3.00', 101),
(45, '', '3.00', 102),
(46, '', '3.00', 104),
(47, '', '3.00', 103),
(48, '', '3.00', 105),
(49, '', '3.00', 106),
(50, '', '3.00', 107),
(51, '', '3.00', 108),
(52, '', '3.00', 109),
(53, '', '3.00', 110),
(54, '', '3.00', 111),
(55, '', '3.00', 112),
(56, '', '3.00', 113),
(57, '', '3.00', 114),
(58, '', '3.00', 115),
(59, '', '3.00', 117),
(60, '', '3.00', 116),
(61, '', '3.00', 119),
(62, '', '3.00', 118),
(63, '', '3.00', 120),
(64, '', '3.00', 121),
(65, '', '3.00', 122),
(66, '', '3.00', 123),
(67, '', '3.00', 124),
(68, '', '3.00', 125),
(69, '', '3.00', 126),
(70, '', '3.00', 127),
(71, '', '3.00', 128),
(72, '', '3.00', 129),
(73, '', '3.00', 130),
(74, '', '3.00', 131),
(75, '', '3.00', 132),
(76, '', '5.00', 133),
(77, '', '3.00', 134),
(78, '', '3.00', 135),
(79, '', '3.00', 136),
(80, '', '5.00', 185),
(81, '', '5.00', 189),
(82, '', '3.50', 194),
(83, '', '3.00', 344),
(84, '', '3.00', 345),
(85, '', '3.00', 345),
(86, '', '3.00', 261),
(87, '', '3.00', 326),
(88, '', '3.00', 327),
(89, '', '3.00', 328),
(90, '', '3.00', 330),
(91, '', '3.00', 332),
(92, '', '3.00', 334),
(93, '', '3.00', 340),
(94, '', '3.00', 25),
(95, '', '3.00', 26),
(96, '桶', '3.00', 21),
(97, '桶', '3.00', 22),
(98, '桶', '3.00', 23),
(99, '桶', '3.00', 24),
(100, '桶', '3.00', 27),
(101, '桶', '3.00', 28),
(102, '桶', '3.00', 29),
(103, '桶', '3.00', 30),
(104, '桶', '3.00', 31),
(105, '桶', '3.00', 32),
(106, '桶', '3.00', 33),
(107, '桶', '3.00', 34),
(108, '桶', '3.00', 35),
(109, '桶', '3.00', 36),
(110, '桶', '3.00', 37),
(111, '桶', '3.00', 38),
(112, '桶', '3.00', 39),
(113, '桶', '3.00', 40),
(114, '桶', '3.00', 41),
(115, '桶', '3.00', 42),
(116, '桶', '3.00', 43),
(117, '桶', '3.00', 44),
(118, '桶', '3.00', 45),
(119, '桶', '3.00', 46),
(120, '桶', '3.00', 47),
(121, '桶', '3.00', 48),
(122, '桶', '3.00', 49),
(123, '桶', '3.00', 50),
(124, '桶', '3.00', 51),
(125, '桶', '3.00', 52),
(126, '桶', '3.00', 53),
(127, '桶', '3.00', 54),
(128, '桶', '3.00', 55),
(129, '桶', '3.00', 56),
(130, '桶', '3.00', 57),
(131, '桶', '3.00', 58),
(132, '桶', '3.00', 59),
(133, '桶', '3.00', 60),
(134, '桶', '3.00', 61),
(135, '桶', '3.00', 62),
(136, '桶', '3.00', 63),
(137, '桶', '3.00', 64),
(138, '桶', '3.00', 65),
(139, '桶', '3.00', 66),
(140, '桶', '3.00', 67),
(141, '桶', '3.00', 68),
(142, '桶', '3.00', 69),
(143, '桶', '3.00', 70),
(144, '桶', '3.00', 71),
(145, '桶', '3.00', 72),
(146, '桶', '3.00', 84),
(147, '桶', '3.00', 88),
(148, '桶', '3.00', 96),
(149, '桶', '3.00', 98),
(150, '桶', '3.00', 137),
(151, '桶', '3.00', 138),
(152, '桶', '3.00', 139),
(153, '桶', '3.00', 140),
(154, '桶', '3.00', 141),
(155, '桶', '3.00', 142),
(156, '桶', '3.00', 143),
(157, '桶', '3.00', 144),
(158, '桶', '3.00', 145),
(159, '桶', '3.00', 146),
(160, '桶', '3.00', 147),
(161, '桶', '3.00', 148),
(162, '桶', '3.00', 149),
(163, '桶', '3.00', 150),
(164, '桶', '3.00', 151),
(165, '桶', '3.00', 152),
(166, '桶', '3.00', 153),
(167, '桶', '3.00', 154),
(168, '桶', '3.00', 155),
(169, '桶', '3.00', 156),
(170, '桶', '3.00', 157),
(171, '桶', '3.00', 158),
(172, '桶', '3.00', 159),
(173, '桶', '3.00', 160),
(174, '桶', '3.00', 161),
(175, '桶', '3.00', 162),
(176, '桶', '3.00', 163),
(177, '桶', '3.00', 164),
(178, '桶', '3.00', 165),
(179, '桶', '3.00', 166),
(180, '桶', '3.00', 167),
(181, '桶', '3.00', 168),
(182, '桶', '3.00', 169),
(183, '桶', '3.00', 170),
(184, '桶', '3.00', 171),
(185, '桶', '3.00', 172),
(186, '桶', '3.00', 173),
(187, '桶', '3.00', 174),
(188, '桶', '3.00', 175),
(189, '桶', '3.00', 176),
(190, '桶', '3.00', 177),
(191, '桶', '3.00', 178),
(192, '桶', '3.00', 179),
(193, '桶', '3.00', 180),
(194, '桶', '3.00', 181),
(195, '桶', '3.00', 182),
(196, '桶', '3.00', 183),
(197, '桶', '3.00', 184),
(198, '桶', '3.00', 186),
(199, '桶', '3.00', 187),
(200, '桶', '3.00', 188),
(201, '桶', '3.00', 190),
(202, '桶', '3.00', 191),
(203, '桶', '3.00', 192),
(204, '桶', '3.00', 193),
(205, '桶', '3.00', 195),
(206, '桶', '3.00', 196),
(207, '桶', '3.00', 197),
(208, '桶', '3.00', 198),
(209, '桶', '3.00', 199),
(210, '桶', '3.00', 200),
(211, '桶', '3.00', 201),
(212, '桶', '3.00', 202),
(213, '桶', '3.00', 203),
(214, '桶', '3.00', 204),
(215, '桶', '3.00', 205),
(216, '桶', '3.00', 206),
(217, '桶', '3.00', 207),
(218, '桶', '3.00', 208),
(219, '桶', '3.00', 209),
(220, '桶', '3.00', 210),
(221, '桶', '3.00', 211),
(222, '桶', '3.00', 212),
(223, '桶', '3.00', 213),
(224, '桶', '3.00', 214),
(225, '桶', '3.00', 215),
(226, '桶', '3.00', 216),
(227, '桶', '3.00', 217),
(228, '桶', '3.00', 218),
(229, '桶', '3.00', 219),
(230, '桶', '3.00', 220),
(231, '桶', '3.00', 221),
(232, '桶', '3.00', 222),
(233, '桶', '3.00', 223),
(234, '桶', '3.00', 224),
(235, '桶', '3.00', 225),
(236, '桶', '3.00', 226),
(237, '桶', '3.00', 227),
(238, '桶', '3.00', 228),
(239, '桶', '3.00', 229),
(240, '桶', '3.00', 230),
(241, '桶', '3.00', 231),
(242, '桶', '3.00', 232),
(243, '桶', '3.00', 233),
(244, '桶', '3.00', 234),
(245, '桶', '3.00', 235),
(246, '桶', '3.00', 236),
(247, '桶', '3.00', 237),
(248, '桶', '3.00', 238),
(249, '桶', '3.00', 239),
(250, '桶', '3.00', 240),
(251, '桶', '3.00', 241),
(252, '桶', '3.00', 242),
(253, '桶', '3.00', 243),
(254, '桶', '3.00', 244),
(255, '桶', '3.00', 245),
(256, '桶', '3.00', 246),
(257, '桶', '3.00', 247),
(258, '桶', '3.00', 248),
(259, '桶', '3.00', 249),
(260, '桶', '3.00', 250),
(261, '桶', '3.00', 251),
(262, '桶', '3.00', 252),
(263, '桶', '3.00', 253),
(264, '桶', '3.00', 254),
(265, '桶', '3.00', 255),
(266, '桶', '3.00', 256),
(267, '桶', '3.00', 257),
(268, '桶', '3.00', 258),
(269, '桶', '3.00', 259),
(270, '桶', '3.00', 260),
(271, '桶', '3.00', 262),
(272, '桶', '3.00', 263),
(273, '桶', '3.00', 264),
(274, '桶', '3.00', 265),
(275, '桶', '3.00', 266),
(276, '桶', '3.00', 267),
(277, '桶', '3.00', 268),
(278, '桶', '3.00', 269),
(279, '桶', '3.00', 270),
(280, '桶', '3.00', 271),
(281, '桶', '3.00', 272),
(282, '桶', '3.00', 273),
(283, '桶', '3.00', 274),
(284, '桶', '3.00', 275),
(285, '桶', '3.00', 276),
(286, '桶', '3.00', 277),
(287, '桶', '3.00', 278),
(288, '桶', '3.00', 279),
(289, '桶', '3.00', 280),
(290, '桶', '3.00', 281),
(291, '桶', '3.00', 282),
(292, '桶', '3.00', 283),
(293, '桶', '3.00', 284),
(294, '桶', '3.00', 285),
(295, '桶', '3.00', 286),
(296, '桶', '3.00', 287),
(297, '桶', '3.00', 288),
(298, '桶', '3.00', 289),
(299, '桶', '3.00', 290),
(300, '桶', '3.00', 291),
(301, '桶', '3.00', 292),
(302, '桶', '3.00', 293),
(303, '桶', '3.00', 294),
(304, '桶', '3.00', 295),
(305, '桶', '3.00', 296),
(306, '桶', '3.00', 297),
(307, '桶', '3.00', 298),
(308, '桶', '3.00', 299),
(309, '桶', '3.00', 300),
(310, '桶', '3.00', 301),
(311, '桶', '3.00', 302),
(312, '桶', '3.00', 303),
(313, '桶', '3.00', 304),
(314, '桶', '3.00', 305),
(315, '桶', '3.00', 306),
(316, '桶', '3.00', 307),
(317, '桶', '3.00', 308),
(318, '桶', '3.00', 309),
(319, '桶', '3.00', 310),
(320, '桶', '3.00', 311),
(321, '桶', '3.00', 312),
(322, '桶', '3.00', 313),
(323, '桶', '3.00', 314),
(324, '桶', '3.00', 315),
(325, '桶', '3.00', 316),
(326, '桶', '3.00', 317),
(327, '桶', '3.00', 318),
(328, '桶', '3.00', 319),
(329, '桶', '3.00', 320),
(330, '桶', '3.00', 321),
(331, '桶', '3.00', 322),
(332, '桶', '3.00', 323),
(333, '桶', '3.00', 324),
(334, '桶', '3.00', 325),
(335, '桶', '3.00', 329),
(336, '桶', '3.00', 331),
(337, '桶', '3.00', 333),
(338, '桶', '3.00', 335),
(339, '桶', '3.00', 336),
(340, '桶', '3.00', 337),
(341, '桶', '3.00', 338),
(342, '桶', '3.00', 339),
(343, '桶', '3.00', 341),
(344, '桶', '3.00', 342),
(345, '桶', '3.00', 343),
(346, '桶', '3.00', 346),
(347, '桶', '3.00', 347),
(348, '', '0.00', 348),
(349, '', '3.00', 349),
(350, '', '2.50', 349),
(351, '', '3.00', 350),
(352, '', '3.00', 351),
(353, '', '3.00', 352),
(354, '', '3.00', 354),
(355, '', '3.50', 368),
(356, '', '3.50', 371),
(357, '', '2.50', 374),
(358, '', '2.50', 375),
(359, '', '2.50', 378),
(360, '', '2.50', 379),
(361, '', '5.00', 382),
(362, '', '2.00', 419),
(363, '', '2.50', 439),
(364, '', '2.30', 440),
(365, '', '2.50', 443),
(366, '', '2.50', 442),
(367, '', '2.00', 441),
(368, '', '3.50', 449),
(369, '', '0.00', 451),
(370, '', '2.30', 457),
(371, '', '3.00', 353),
(372, '桶', '3.00', 355),
(373, '桶', '3.00', 356),
(374, '桶', '3.00', 357),
(375, '桶', '3.00', 358),
(376, '桶', '3.00', 359),
(377, '桶', '3.00', 360),
(378, '桶', '3.00', 361),
(379, '桶', '3.00', 362),
(380, '桶', '3.00', 363),
(381, '桶', '3.00', 364),
(382, '桶', '3.00', 365),
(383, '桶', '3.00', 366),
(384, '桶', '3.00', 367),
(385, '桶', '3.00', 369),
(386, '桶', '3.00', 370),
(387, '桶', '3.00', 372),
(388, '桶', '3.00', 373),
(389, '桶', '3.00', 376),
(390, '桶', '3.00', 377),
(391, '桶', '3.00', 380),
(392, '桶', '3.00', 381),
(393, '桶', '3.00', 383),
(394, '桶', '3.00', 384),
(395, '桶', '3.00', 385),
(396, '桶', '3.00', 386),
(397, '桶', '3.00', 387),
(398, '桶', '3.00', 388),
(399, '桶', '3.00', 389),
(400, '桶', '3.00', 390),
(401, '桶', '3.00', 391),
(402, '桶', '3.00', 392),
(403, '桶', '3.00', 393),
(404, '桶', '3.00', 394),
(405, '桶', '3.00', 395),
(406, '桶', '3.00', 396),
(407, '桶', '3.00', 397),
(408, '桶', '3.00', 398),
(409, '桶', '3.00', 399),
(410, '桶', '3.00', 400),
(411, '桶', '3.00', 401),
(412, '桶', '3.00', 402),
(413, '桶', '3.00', 403),
(414, '桶', '3.00', 404),
(415, '桶', '3.00', 405),
(416, '桶', '3.00', 406),
(417, '桶', '3.00', 407),
(418, '桶', '3.00', 408),
(419, '桶', '3.00', 409),
(420, '桶', '3.00', 410),
(421, '桶', '3.00', 411),
(422, '桶', '3.00', 412),
(423, '桶', '3.00', 413),
(424, '桶', '3.00', 414),
(425, '桶', '3.00', 415),
(426, '桶', '3.00', 416),
(427, '桶', '3.00', 417),
(428, '桶', '3.00', 418),
(429, '桶', '3.00', 420),
(430, '桶', '3.00', 421),
(431, '桶', '3.00', 422),
(432, '桶', '3.00', 423),
(433, '桶', '3.00', 424),
(434, '桶', '3.00', 425),
(435, '桶', '3.00', 426),
(436, '桶', '3.00', 427),
(437, '桶', '3.00', 428),
(438, '桶', '3.00', 429),
(439, '桶', '3.00', 430),
(440, '桶', '3.00', 431),
(441, '桶', '3.00', 432),
(442, '桶', '3.00', 433),
(443, '桶', '3.00', 434),
(444, '桶', '3.00', 435),
(445, '桶', '3.00', 436),
(446, '桶', '3.00', 437),
(447, '桶', '3.00', 438),
(448, '桶', '3.00', 444),
(449, '桶', '3.00', 445),
(450, '桶', '3.00', 446),
(451, '桶', '3.00', 447),
(452, '桶', '3.00', 448),
(453, '桶', '3.00', 450),
(454, '桶', '3.00', 452),
(455, '桶', '3.00', 453),
(456, '桶', '3.00', 454),
(457, '桶', '3.00', 455),
(458, '桶', '3.00', 456),
(459, '桶', '3.00', 458),
(460, '桶', '3.00', 459),
(461, '桶', '3.00', 460),
(462, '桶', '3.00', 461),
(463, '桶', '3.00', 462),
(464, '', '3.00', 463),
(465, '', '3.00', 464),
(466, '', '3.00', 465),
(467, '', '3.00', 466),
(468, '', '0.00', 467),
(469, '', '0.00', 468),
(470, '', '0.00', 469),
(471, '', '3.00', 471),
(472, '', '3.00', 472),
(473, '', '0.00', 473),
(474, '', '3.00', 185),
(475, '', '3.00', 474),
(476, '', '3.00', 475),
(477, '', '3.00', 476),
(478, '', '3.00', 477),
(479, '', '3.00', 478),
(480, '', '3.00', 479),
(481, '', '3.00', 480),
(482, '', '3.00', 481),
(483, '', '0.00', 482),
(484, '', '0.00', 483),
(485, '', '0.00', 484),
(486, '', '3.00', 485),
(487, '', '3.00', 486),
(488, '', '3.00', 487),
(489, '', '3.00', 488),
(490, '', '3.00', 489),
(491, '', '0.00', 489),
(492, '', '3.00', 490),
(493, '', '3.00', 491),
(494, '', '3.00', 492),
(495, '', '3.00', 493),
(496, '', '3.00', 494),
(497, '', '9.00', 328),
(498, '', '10.00', 192),
(499, '', '3.00', 495),
(500, '', '3.00', 496),
(501, '', '10.00', 497),
(502, '', '9.00', 497),
(503, '', '3.00', 498),
(504, '', '3.00', 499),
(505, '', '3.00', 500),
(506, '', '3.00', 501),
(507, '桶', '3.00', 470),
(508, '', '3.00', 502),
(509, '', '3.00', 503),
(510, '', '3.00', 504),
(511, '', '3.00', 505),
(512, '', '3.00', 506),
(513, '', '3.00', 507),
(514, '包', '9.00', 508),
(515, '', '3.00', 509),
(516, '', '9.00', 509),
(517, '', '0.00', 510),
(518, '', '3.00', 511),
(519, '', '3.00', 512),
(520, '', '3.00', 513),
(521, '', '3.00', 514),
(522, '', '10.00', 516),
(523, '', '10.00', 516),
(524, '', '10.00', 515),
(525, '', '9.00', 517),
(526, '', '10.00', 518),
(527, '', '3.00', 519),
(528, '', '3.00', 520),
(529, '', '3.00', 521),
(530, '', '3.00', 522),
(531, '', '3.00', 523),
(532, '', '3.00', 524),
(533, '', '3.00', 525),
(534, '', '3.00', 526),
(535, '', '3.00', 527),
(536, '', '3.00', 528),
(537, '', '3.00', 529),
(538, '', '3.00', 530),
(539, '', '3.00', 531),
(540, '', '3.00', 532),
(541, '', '3.00', 533),
(542, '', '3.00', 534),
(543, '', '3.00', 535),
(544, '', '3.00', 536),
(545, '', '3.00', 537),
(546, '', '2.30', 538),
(547, '', '3.00', 539),
(548, '', '3.00', 540),
(549, '', '2.50', 541),
(550, '', '3.00', 542),
(551, '', '3.00', 543),
(552, '', '3.00', 544),
(553, '', '3.00', 545),
(554, '', '3.00', 546),
(555, '', '3.00', 547),
(556, '', '3.00', 548),
(557, '', '3.00', 549),
(558, '', '3.00', 550),
(559, '', '3.00', 551),
(560, '', '3.00', 552),
(561, '', '3.00', 553),
(562, '', '3.00', 554),
(563, '', '3.00', 555),
(564, '', '3.00', 556),
(565, '', '3.00', 557),
(566, '', '3.00', 558),
(567, '', '3.00', 559),
(568, '', '3.00', 560),
(569, '', '3.00', 561),
(570, '', '3.00', 562),
(571, '', '3.00', 563),
(572, '', '3.00', 564),
(573, '', '10.00', 565),
(574, '', '10.00', 566),
(575, '', '10.00', 567),
(576, '', '10.00', 568),
(577, '', '3.00', 569),
(578, '', '3.00', 570),
(579, '', '3.00', 571),
(580, '', '3.00', 572),
(581, '', '3.00', 573),
(582, '', '3.00', 574),
(583, '', '3.00', 575),
(584, '', '3.00', 576),
(585, '', '3.00', 577),
(586, '', '3.00', 578),
(587, '', '3.00', 579),
(588, '', '3.00', 580),
(589, '', '3.00', 581),
(590, '', '3.00', 582),
(591, '', '10.00', 584),
(592, '', '10.00', 583),
(593, '', '3.00', 586),
(594, '', '3.00', 585),
(595, '', '2.00', 45),
(596, '', '2.00', 36),
(597, '', '2.50', 37),
(598, '', '2.00', 46),
(599, '', '2.50', 47),
(600, '', '3.00', 587),
(601, '', '3.00', 588),
(602, '', '3.00', 589),
(603, '', '2.20', 590),
(604, '', '3.00', 591),
(605, '', '2.50', 23),
(606, '', '3.00', 592),
(607, '', '3.00', 593),
(608, '', '3.00', 594),
(609, '', '2.50', 595),
(610, '', '3.00', 596),
(611, '', '3.00', 597);

-- --------------------------------------------------------

--
-- 表的结构 `fn_field`
--

CREATE TABLE IF NOT EXISTS `fn_field` (
  `id` smallint(5) unsigned NOT NULL AUTO_INCREMENT,
  `name` text NOT NULL COMMENT '字段别名语言',
  `fieldname` varchar(50) NOT NULL COMMENT '字段名称',
  `fieldtype` varchar(50) NOT NULL COMMENT '字段类型',
  `relatedid` smallint(5) unsigned NOT NULL COMMENT '相关id',
  `relatedname` varchar(50) NOT NULL COMMENT '相关表',
  `isedit` tinyint(1) unsigned NOT NULL DEFAULT '1' COMMENT '是否可修改',
  `ismain` tinyint(1) unsigned NOT NULL COMMENT '是否主表',
  `issystem` tinyint(1) unsigned NOT NULL COMMENT '是否系统表',
  `ismember` tinyint(1) unsigned NOT NULL COMMENT '是否会员可见',
  `issearch` tinyint(1) unsigned NOT NULL DEFAULT '1' COMMENT '是否可搜索',
  `disabled` tinyint(1) unsigned NOT NULL COMMENT '禁用？',
  `setting` text NOT NULL COMMENT '配置信息',
  `displayorder` tinyint(3) NOT NULL COMMENT '排序',
  PRIMARY KEY (`id`),
  KEY `list` (`relatedid`,`disabled`,`issystem`)
) ENGINE=MyISAM  DEFAULT CHARSET=utf8 COMMENT='字段表' AUTO_INCREMENT=42 ;

--
-- 转存表中的数据 `fn_field`
--

INSERT INTO `fn_field` (`id`, `name`, `fieldname`, `fieldtype`, `relatedid`, `relatedname`, `isedit`, `ismain`, `issystem`, `ismember`, `issearch`, `disabled`, `setting`, `displayorder`) VALUES
(8, '主题', 'title', 'Text', 4, 'module', 1, 1, 1, 1, 1, 0, '{"option":{"width":400,"fieldtype":"VARCHAR","fieldlength":"255"},"validate":{"xss":1,"required":1,"formattr":"onblur=\\"check_title();get_keywords(''keywords'');\\""}}', 0),
(9, '缩略图', 'thumb', 'File', 4, 'module', 1, 1, 1, 1, 1, 0, '{"option":{"ext":"jpg,gif,png","size":10,"width":400,"fieldtype":"VARCHAR","fieldlength":"255"}}', 0),
(10, '关键字', 'keywords', 'Text', 4, 'module', 1, 1, 1, 1, 1, 0, '{"option":{"width":400,"fieldtype":"VARCHAR","fieldlength":"255"},"validate":{"xss":1,"formattr":" data-role=\\"tagsinput\\""}}', 0),
(11, '描述', 'description', 'Textarea', 4, 'module', 1, 1, 1, 1, 1, 0, '{"option":{"width":500,"height":60,"fieldtype":"VARCHAR","fieldlength":"255"},"validate":{"xss":1,"filter":"dr_clearhtml"}}', 0),
(12, '内容', 'content', 'Ueditor', 4, 'module', 1, 0, 1, 1, 1, 0, '{"option":{"mode":1,"width":"90%","height":400},"validate":{"xss":1,"required":1}}', 0),
(25, '内容', 'neirong', 'Ueditor', 1, 'form-1', 1, 1, 0, 1, 0, 0, '{"option":{"width":"100%","height":"200","autofloat":"0","autoheight":"0","autodown":"0","page":"0","mode":"1","tool":"''bold'', ''italic'', ''underline''","mode2":"1","tool2":"''bold'', ''italic'', ''underline''","mode3":"1","tool3":"''bold'', ''italic'', ''underline''","value":""},"validate":{"required":"1","pattern":"","errortips":"","xss":"1","check":"","filter":"","tips":"","formattr":""},"is_right":"0"}', 0),
(23, '主题', 'title', 'Text', 1, 'form-1', 1, 1, 1, 1, 1, 0, '{"option":{"width":400,"fieldtype":"VARCHAR","fieldlength":"255"},"validate":{"xss":1,"required":1}}', 0);

-- --------------------------------------------------------

--
-- 表的结构 `fn_linkage`
--

CREATE TABLE IF NOT EXISTS `fn_linkage` (
  `id` smallint(5) unsigned NOT NULL AUTO_INCREMENT,
  `name` varchar(255) NOT NULL COMMENT '菜单名称',
  `type` tinyint(1) unsigned NOT NULL,
  `code` char(20) NOT NULL,
  PRIMARY KEY (`id`),
  UNIQUE KEY `code` (`code`),
  KEY `module` (`id`)
) ENGINE=MyISAM  DEFAULT CHARSET=utf8 COMMENT='联动菜单表' AUTO_INCREMENT=2 ;

--
-- 转存表中的数据 `fn_linkage`
--

INSERT INTO `fn_linkage` (`id`, `name`, `type`, `code`) VALUES
(1, '中国地区', 0, 'address');

-- --------------------------------------------------------

--
-- 表的结构 `fn_linkage_data_1`
--

CREATE TABLE IF NOT EXISTS `fn_linkage_data_1` (
  `id` mediumint(8) unsigned NOT NULL AUTO_INCREMENT,
  `site` mediumint(5) unsigned NOT NULL COMMENT '站点id',
  `pid` mediumint(8) unsigned NOT NULL DEFAULT '0' COMMENT '上级id',
  `pids` varchar(255) DEFAULT NULL COMMENT '所有上级id',
  `name` varchar(30) NOT NULL COMMENT '栏目名称',
  `cname` varchar(30) NOT NULL COMMENT '别名',
  `child` tinyint(1) unsigned DEFAULT '0' COMMENT '是否有下级',
  `hidden` tinyint(1) unsigned DEFAULT '0' COMMENT '前端隐藏',
  `childids` text COMMENT '下级所有id',
  `displayorder` tinyint(3) DEFAULT '0',
  PRIMARY KEY (`id`),
  KEY `cname` (`cname`),
  KEY `hidden` (`hidden`),
  KEY `list` (`site`,`displayorder`)
) ENGINE=MyISAM  DEFAULT CHARSET=utf8 COMMENT='联动菜单数据表' AUTO_INCREMENT=35 ;

--
-- 转存表中的数据 `fn_linkage_data_1`
--

INSERT INTO `fn_linkage_data_1` (`id`, `site`, `pid`, `pids`, `name`, `cname`, `child`, `hidden`, `childids`, `displayorder`) VALUES
(1, 1, 0, '0', '北京', 'beijing', 0, 0, '1', 0),
(2, 1, 0, '0', '天津', 'tianjin', 0, 0, '2', 0),
(3, 1, 0, '0', '上海', 'shanghai', 0, 0, '3', 0),
(4, 1, 0, '0', '重庆', 'chongqing', 0, 0, '4', 0),
(5, 1, 0, '0', '黑龙江', 'heilongjiang', 0, 0, '5', 0),
(6, 1, 0, '0', '吉林', 'jilin', 0, 0, '6', 0),
(7, 1, 0, '0', '辽宁', 'liaoning', 0, 0, '7', 0),
(8, 1, 0, '0', '河北', 'hebei', 0, 0, '8', 0),
(9, 1, 0, '0', '河南', 'henan', 0, 0, '9', 0),
(10, 1, 0, '0', '山东', 'shandong', 0, 0, '10', 0),
(11, 1, 0, '0', '江苏', 'jiangsu', 0, 0, '11', 0),
(12, 1, 0, '0', '山西', 'shanxi', 0, 0, '12', 0),
(13, 1, 0, '0', '陕西', 'shanxi1', 0, 0, '13', 0),
(14, 1, 0, '0', '甘肃', 'gansu', 0, 0, '14', 0),
(15, 1, 0, '0', '四川', 'sichuan', 0, 0, '15', 0),
(16, 1, 0, '0', '青海', 'qinghai', 0, 0, '16', 0),
(17, 1, 0, '0', '湖南', 'hunan', 0, 0, '17', 0),
(18, 1, 0, '0', '湖北', 'hubei', 0, 0, '18', 0),
(19, 1, 0, '0', '江西', 'jiangxi', 0, 0, '19', 0),
(20, 1, 0, '0', '安徽', 'anhui', 0, 0, '20', 0),
(21, 1, 0, '0', '浙江', 'zhejiang', 0, 0, '21', 0),
(22, 1, 0, '0', '福建', 'fujian', 0, 0, '22', 0),
(23, 1, 0, '0', '广东', 'guangdong', 0, 0, '23', 0),
(24, 1, 0, '0', '广西', 'guangxi', 0, 0, '24', 0),
(25, 1, 0, '0', '贵州', 'guizhou', 0, 0, '25', 0),
(26, 1, 0, '0', '云南', 'yunnan', 0, 0, '26', 0),
(27, 1, 0, '0', '海南', 'hainan', 0, 0, '27', 0),
(28, 1, 0, '0', '内蒙古', 'neimenggu', 0, 0, '28', 0),
(29, 1, 0, '0', '新疆', 'xinjiang', 0, 0, '29', 0),
(30, 1, 0, '0', '宁夏', 'ningxia', 0, 0, '30', 0),
(31, 1, 0, '0', '西藏', 'xicang', 0, 0, '31', 0),
(32, 1, 0, '0', '香港', 'xianggang', 0, 0, '32', 0),
(33, 1, 0, '0', '澳门', 'aomen', 0, 0, '33', 0),
(34, 1, 0, '0', '台湾', 'taiwan', 0, 0, '34', 0);

-- --------------------------------------------------------

--
-- 表的结构 `fn_mail_smtp`
--

CREATE TABLE IF NOT EXISTS `fn_mail_smtp` (
  `id` smallint(5) unsigned NOT NULL AUTO_INCREMENT,
  `host` varchar(255) NOT NULL,
  `user` varchar(255) NOT NULL,
  `pass` varchar(255) NOT NULL,
  `port` mediumint(8) unsigned NOT NULL,
  `displayorder` tinyint(2) DEFAULT NULL,
  PRIMARY KEY (`id`),
  KEY `displayorder` (`displayorder`)
) ENGINE=MyISAM DEFAULT CHARSET=utf8 COMMENT='邮件账户表' AUTO_INCREMENT=1 ;

-- --------------------------------------------------------

--
-- 表的结构 `fn_member`
--

CREATE TABLE IF NOT EXISTS `fn_member` (
  `uid` mediumint(8) unsigned NOT NULL AUTO_INCREMENT,
  `email` char(40) NOT NULL DEFAULT '' COMMENT '邮箱地址',
  `username` varchar(50) NOT NULL DEFAULT '' COMMENT '用户名',
  `password` char(32) NOT NULL DEFAULT '' COMMENT '加密密码',
  `salt` char(10) NOT NULL COMMENT '随机加密码',
  `name` varchar(50) NOT NULL COMMENT '姓名',
  `phone` char(20) NOT NULL COMMENT '手机号码',
  `avatar` varchar(255) NOT NULL COMMENT '头像地址',
  `money` decimal(10,2) unsigned NOT NULL COMMENT 'RMB',
  `freeze` decimal(10,2) unsigned NOT NULL COMMENT '冻结RMB',
  `spend` decimal(10,2) unsigned NOT NULL COMMENT '消费RMB总额',
  `score` int(10) unsigned NOT NULL COMMENT '虚拟币',
  `experience` int(10) unsigned NOT NULL COMMENT '经验值',
  `adminid` smallint(5) unsigned NOT NULL DEFAULT '0' COMMENT '管理组id',
  `groupid` smallint(5) unsigned NOT NULL DEFAULT '0' COMMENT '用户组id',
  `levelid` smallint(5) unsigned NOT NULL COMMENT '会员级别',
  `overdue` int(10) unsigned NOT NULL COMMENT '到期时间',
  `regip` varchar(15) NOT NULL COMMENT '注册ip',
  `regtime` int(10) unsigned NOT NULL COMMENT '注册时间',
  `randcode` mediumint(6) unsigned NOT NULL COMMENT '随机验证码',
  `ismobile` tinyint(1) unsigned DEFAULT NULL COMMENT '手机认证标识',
  PRIMARY KEY (`uid`),
  KEY `username` (`username`),
  KEY `email` (`email`),
  KEY `groupid` (`groupid`),
  KEY `adminid` (`adminid`),
  KEY `phone` (`phone`)
) ENGINE=MyISAM  DEFAULT CHARSET=utf8 COMMENT='会员表' AUTO_INCREMENT=3 ;

--
-- 转存表中的数据 `fn_member`
--

INSERT INTO `fn_member` (`uid`, `email`, `username`, `password`, `salt`, `name`, `phone`, `avatar`, `money`, `freeze`, `spend`, `score`, `experience`, `adminid`, `groupid`, `levelid`, `overdue`, `regip`, `regtime`, `randcode`, `ismobile`) VALUES
(1, '', 'admin', 'ac7cd59472be180b81c7551b92925f03', 'b3967a0e93', '测试人员', '15111111112', '', '9999.00', '0.00', '0.00', 10000, 10000, 1, 0, 4, 0, '', 0, 0, 0);

-- --------------------------------------------------------

--
-- 表的结构 `fn_member_data`
--

CREATE TABLE IF NOT EXISTS `fn_member_data` (
  `uid` mediumint(8) unsigned NOT NULL AUTO_INCREMENT,
  `complete` tinyint(1) unsigned NOT NULL COMMENT '完善资料标识',
  `is_auth` tinyint(1) unsigned NOT NULL DEFAULT '0' COMMENT '实名认证标识',
  PRIMARY KEY (`uid`)
) ENGINE=MyISAM  DEFAULT CHARSET=utf8 COMMENT='会员表' AUTO_INCREMENT=2 ;

--
-- 转存表中的数据 `fn_member_data`
--

INSERT INTO `fn_member_data` (`uid`, `complete`, `is_auth`) VALUES
(1, 0, 0);

-- --------------------------------------------------------

--
-- 表的结构 `fn_member_oauth`
--

CREATE TABLE IF NOT EXISTS `fn_member_oauth` (
  `id` int(10) NOT NULL AUTO_INCREMENT,
  `uid` mediumint(8) unsigned NOT NULL COMMENT '会员uid',
  `oid` varchar(255) NOT NULL COMMENT 'OAuth返回id',
  `oauth` varchar(255) NOT NULL,
  `avatar` varchar(255) NOT NULL,
  `nickname` varchar(255) NOT NULL,
  `expire_at` int(10) unsigned NOT NULL,
  `access_token` varchar(255) DEFAULT NULL,
  `refresh_token` varchar(255) DEFAULT NULL,
  PRIMARY KEY (`id`),
  KEY `uid` (`uid`)
) ENGINE=MyISAM DEFAULT CHARSET=utf8 COMMENT='会员OAuth2授权表' AUTO_INCREMENT=1 ;

-- --------------------------------------------------------

--
-- 表的结构 `fn_module`
--

CREATE TABLE IF NOT EXISTS `fn_module` (
  `id` smallint(5) unsigned NOT NULL AUTO_INCREMENT,
  `site` text COMMENT '站点划分',
  `dirname` varchar(50) NOT NULL COMMENT '目录名称',
  `share` tinyint(1) unsigned DEFAULT NULL COMMENT '是否共享模块',
  `extend` tinyint(1) unsigned DEFAULT NULL COMMENT '是否是扩展模块',
  `sitemap` tinyint(1) unsigned DEFAULT NULL COMMENT '是否生成地图',
  `setting` text COMMENT '配置信息',
  `disabled` tinyint(1) NOT NULL DEFAULT '0' COMMENT '禁用？',
  `displayorder` tinyint(2) DEFAULT '0',
  PRIMARY KEY (`id`),
  UNIQUE KEY `dirname` (`dirname`),
  KEY `displayorder` (`displayorder`)
) ENGINE=MyISAM  DEFAULT CHARSET=utf8 COMMENT='模块表' AUTO_INCREMENT=10 ;

--
-- 转存表中的数据 `fn_module`
--

INSERT INTO `fn_module` (`id`, `site`, `dirname`, `share`, `extend`, `sitemap`, `setting`, `disabled`, `displayorder`) VALUES
(4, '{"name":"\\u6587\\u7ae0","urlrule":"4","search_title":"[\\u7b2c{page}\\u9875{join}][{keyword}{join}][{param}{join}]{modulename}{join}{SITE_NAME}","search_keywords":"","search_description":"","use":1}', 'news', 0, 0, 0, '', 0, 0);

-- --------------------------------------------------------

--
-- 表的结构 `fn_saler`
--

CREATE TABLE IF NOT EXISTS `fn_saler` (
  `id` int(11) NOT NULL AUTO_INCREMENT,
  `name` varchar(20) NOT NULL,
  `remark` varchar(50) NOT NULL,
  `phone` varchar(20) NOT NULL,
  `carNo` varchar(20) NOT NULL,
  `type` int(11) NOT NULL COMMENT '销售分类',
  PRIMARY KEY (`id`)
) ENGINE=MyISAM  DEFAULT CHARSET=utf8 AUTO_INCREMENT=8 ;

--
-- 转存表中的数据 `fn_saler`
--

INSERT INTO `fn_saler` (`id`, `name`, `remark`, `phone`, `carNo`, `type`) VALUES
(2, 'A-杜希伟', '', '16678615270', '鲁B5FD62', 1),
(3, 'B-田其利', '', '16678615271', '鲁B8W80F', 1),
(4, 'C-杨宗合', '', '16678615272', '鲁B92p35', 1),
(5, 'D-贺洪江', '', '16678615273', '鲁BNU056', 1),
(6, 'E-', '', '', '', 1),
(7, '泉信桶帐', '', '', '', 1);

-- --------------------------------------------------------

--
-- 表的结构 `fn_saler_bill`
--

CREATE TABLE IF NOT EXISTS `fn_saler_bill` (
  `id` int(11) NOT NULL AUTO_INCREMENT,
  `salerId` int(11) NOT NULL,
  `salerName` varchar(20) NOT NULL,
  `bucketNum` int(11) NOT NULL,
  `drinkNum` int(11) NOT NULL COMMENT '饮料',
  `bottleNum` int(11) NOT NULL,
  `checker` varchar(20) NOT NULL,
  `saleTime` date NOT NULL,
  `remark` varchar(50) NOT NULL,
  PRIMARY KEY (`id`),
  UNIQUE KEY `id_2` (`id`),
  KEY `id` (`id`),
  KEY `id_3` (`id`)
) ENGINE=MyISAM  DEFAULT CHARSET=utf8 AUTO_INCREMENT=135 ;

--
-- 转存表中的数据 `fn_saler_bill`
--

INSERT INTO `fn_saler_bill` (`id`, `salerId`, `salerName`, `bucketNum`, `drinkNum`, `bottleNum`, `checker`, `saleTime`, `remark`) VALUES
(1, 4, '杨宗合+老崔', 220, 0, 0, '', '2018-08-14', ''),
(2, 2, '杜希伟+崔①', 240, 0, 0, '王清', '2018-09-01', ''),
(3, 5, '贺洪江', 220, 0, 0, '', '2018-09-01', ''),
(4, 2, '杜希伟+崔②', 270, 0, 0, '王清', '2018-09-01', ''),
(5, 2, '杜希伟+崔①', 240, 0, 0, '王清', '2018-09-02', ''),
(6, 2, '杜希伟+崔②', 230, 0, 0, '王清', '2018-09-02', ''),
(7, 2, '杜希伟+崔①', 260, 0, 0, '王清', '2018-09-03', ''),
(8, 2, '杜希伟+崔②', 270, 0, 0, '王清', '2018-09-03', ''),
(9, 2, '杜希伟+崔①', 240, 0, 0, '王清', '2018-09-04', ''),
(10, 2, '杜希伟+崔②', 240, 0, 0, '王清', '2018-09-04', ''),
(11, 2, '杜希伟+崔①', 240, 0, 170, '王清', '2018-09-05', ''),
(12, 2, '杜希伟+崔②', 270, 0, 0, '王清', '2018-09-05', ''),
(13, 2, '杜希伟+贺①', 240, 0, 0, '王清', '2018-09-06', '2漏'),
(14, 2, '杜希伟+贺②', 260, 0, 115, '王清', '2018-09-06', ''),
(15, 2, '杜希伟+贺①', 260, 0, 0, '王清', '2018-09-07', '1漏'),
(16, 2, '杜希伟+贺②', 260, 0, 100, '王清', '2018-09-07', ''),
(17, 2, '杜希伟+李', 240, 0, 0, '王清', '2018-09-08', '1漏'),
(18, 7, '7月', 0, 0, 0, '', '2018-10-11', ''),
(19, 2, '杜希伟+李②', 270, 0, 0, '王清', '2018-09-09', ''),
(20, 2, '杜希伟+李①', 260, 0, 0, '王清', '2018-09-09', ''),
(21, 2, '杜希伟+李①', 240, 0, 0, '王清', '2018-09-10', ''),
(22, 2, '杜希伟+李②', 240, 0, 0, '王清', '2018-09-10', ''),
(23, 2, '杜希伟+崔①', 240, 0, 200, '王清', '2018-09-11', ''),
(24, 2, '杜希伟+崔②', 240, 0, 0, '王清', '2018-09-11', ''),
(25, 2, '杜希伟+贺②', 215, 0, 0, '王清', '2018-09-12', ''),
(26, 2, '杜希伟+贺①', 240, 0, 0, '王清', '2018-09-12', ''),
(27, 2, '杜希伟+崔①', 240, 0, 0, '王清', '2018-09-13', ''),
(28, 2, '杜希伟+崔②', 270, 0, 0, '', '2018-09-13', ''),
(29, 2, '杜希伟+贺', 270, 0, 0, '王清', '2018-09-14', ''),
(30, 2, '杜希伟+贺①', 240, 0, 0, '', '2018-09-15', ''),
(31, 2, '杜希伟+贺②', 0, 0, 335, '', '2018-09-15', ''),
(32, 2, '杜希伟+崔', 270, 0, 0, '', '2018-09-16', ''),
(33, 2, '杜希伟+李①', 240, 0, 0, '', '2018-09-17', ''),
(34, 2, '杜希伟+李②', 215, 0, 0, '', '2018-09-17', '1回水'),
(35, 2, '杜希伟+李①', 240, 0, 0, '', '2018-09-18', ''),
(36, 2, '杜希伟+李②', 215, 0, 0, '', '2018-09-18', ''),
(37, 2, '杜希伟+李①', 260, 0, 0, '', '2018-09-19', ''),
(38, 2, '杜希伟+贺②', 240, 0, 0, '', '2018-09-19', '总钱数有错'),
(39, 2, '杜希伟+李①', 260, 0, 0, '', '2018-09-20', ''),
(40, 2, '杜希伟+李②', 215, 0, 0, '', '2018-09-20', ''),
(41, 2, '杜希伟+李①', 240, 0, 0, '', '2018-09-21', ''),
(42, 2, '杜希伟+李②', 240, 0, 0, '', '2018-09-21', ''),
(43, 2, '杜希伟+李', 260, 0, 0, '', '2018-09-22', ''),
(44, 2, '杜希伟+李②', 260, 0, 0, '', '2018-09-22', ''),
(45, 2, '杜希伟+李①', 240, 0, 0, '', '2018-09-23', '1漏'),
(46, 2, '杜希伟+李②', 240, 0, 0, '', '2018-09-23', ''),
(47, 2, '杜希伟（中秋休班）', 0, 0, 0, '', '2018-09-24', ''),
(48, 2, '杜希伟+李①', 240, 0, 0, '', '2018-09-25', ''),
(49, 2, '杜希伟+李②', 215, 0, 0, '', '2018-09-25', ''),
(50, 2, '杜希伟+李①', 240, 0, 0, '', '2018-09-26', '1水'),
(51, 2, '杜希伟+李②', 180, 0, 0, '', '2018-09-26', '1漏'),
(52, 2, '杜希伟+贺', 240, 0, 0, '', '2018-09-27', ''),
(53, 2, '杜希伟+崔①', 240, 0, 0, '', '2018-09-28', ''),
(54, 2, '杜希伟+崔②', 260, 0, 50, '', '2018-09-28', '1漏'),
(55, 2, '杜希伟+崔①', 240, 0, 0, '', '2018-09-29', ''),
(56, 2, '杜希伟+崔②', 240, 0, 0, '', '2018-09-29', ''),
(57, 2, '杜希伟+崔', 260, 0, 0, '', '2018-09-30', ''),
(58, 3, '田其利+宝塔①', 260, 0, 0, '', '2018-09-01', ''),
(59, 3, '田其利+宝塔②', 300, 0, 0, '', '2018-09-01', ''),
(60, 3, '田其利+宝塔', 300, 0, 0, '', '2018-09-02', '2漏'),
(61, 3, '田其利+宝塔', 300, 0, 0, '', '2018-09-03', ''),
(62, 3, '田其利+宝塔①', 260, 0, 0, '', '2018-09-04', ''),
(63, 3, '田其利+宝塔②', 300, 0, 0, '', '2018-09-04', '宏洋钱数错'),
(64, 3, '田其利+宝塔①', 260, 0, 0, '', '2018-09-05', ''),
(65, 3, '田其利+宝塔②', 300, 0, 0, '', '2018-09-05', '1漏'),
(66, 3, '田其利+小崔1', 260, 0, 0, '', '2018-09-06', '帐有错  少15水15空桶'),
(67, 3, '田其利+小崔2', 300, 0, 0, '', '2018-09-06', '2漏'),
(68, 3, '田其利+小崔1', 260, 0, 0, '', '2018-09-07', ''),
(69, 3, '田其利+小崔', 300, 0, 0, '', '2018-09-07', ''),
(70, 3, '田其利+小崔', 270, 0, 0, '', '2018-09-08', ''),
(71, 4, '杨宗合+小崔', 220, 0, 0, '', '2018-09-01', ''),
(72, 4, '杨宗合+小崔2', 215, 0, 0, '', '2018-09-01', ''),
(73, 4, '杨宗合+小崔', 220, 0, 0, '', '2018-09-02', ''),
(74, 4, '杨宗合+小崔', 220, 0, 0, '', '2018-09-03', ''),
(75, 4, '杨宗合1人', 220, 0, 0, '', '2018-09-04', ''),
(76, 4, '杨宗合1人', 220, 0, 0, '', '2018-09-05', '1回水'),
(77, 4, '杨宗合1人', 220, 0, 0, '', '2018-09-06', ''),
(78, 4, '杨宗合1人', 230, 0, 0, '', '2018-09-06', ''),
(79, 4, '杨宗合+老崔', 220, 0, 0, '', '2018-09-07', ''),
(80, 4, '杨宗合+老崔', 0, 0, 220, '', '2018-09-07', ''),
(81, 4, '杨宗合1人', 220, 0, 0, '', '2018-09-08', ''),
(82, 4, '杨宗合1人', 220, 0, 0, '', '2018-09-09', ''),
(83, 4, '杨宗合1人', 220, 0, 0, '', '2018-09-10', ''),
(84, 4, '杨宗合1人', 220, 0, 0, '', '2018-09-11', ''),
(85, 4, '杨宗合+老崔', 220, 0, 0, '', '2018-09-12', ''),
(86, 4, '杨宗合+老崔', 230, 0, 0, '', '2018-09-12', ''),
(87, 4, '杨宗合1人', 220, 0, 0, '', '2018-09-13', ''),
(88, 4, '杨宗合+老崔', 220, 0, 0, '', '2018-09-14', ''),
(89, 4, '杨宗合+老崔', 251, 0, 0, '', '2018-09-14', ''),
(90, 4, '杨宗合+老崔', 220, 0, 0, '', '2018-09-15', ''),
(91, 4, '杨宗合1人', 220, 0, 0, '', '2018-09-16', ''),
(92, 4, '杨宗合+老崔', 220, 0, 0, '', '2018-09-17', ''),
(93, 4, '杨宗合1人', 191, 0, 110, '', '2018-09-17', ''),
(94, 4, '杨宗合1人', 220, 0, 0, '', '2018-09-18', ''),
(95, 4, '杨宗合1人', 230, 0, 0, '', '2018-09-18', ''),
(96, 4, '杨宗合+老崔', 230, 0, 0, '', '2018-09-19', ''),
(97, 4, '杨宗合+老崔', 220, 0, 0, '', '2018-09-20', ''),
(98, 4, '杨宗合+老崔', 230, 0, 0, '', '2018-09-21', ''),
(99, 4, '杨宗合1人', 220, 0, 0, '', '2018-09-22', ''),
(100, 4, '杨宗合+老崔', 230, 0, 0, '', '2018-09-23', ''),
(101, 4, '杨宗合1人', 211, 0, 0, '', '2018-09-23', ''),
(102, 4, '杨宗合1人', 160, 0, 0, '', '2018-09-24', ''),
(103, 4, '杨宗合1人', 211, 0, 0, '', '2018-09-25', ''),
(104, 4, '杨宗合+老崔', 230, 0, 0, '', '2018-09-26', ''),
(105, 4, '杨宗合+老崔', 230, 0, 0, '', '2018-09-26', ''),
(106, 4, '杨宗合+老崔', 211, 0, 100, '', '2018-09-26', ''),
(107, 4, '杨宗合+老崔', 230, 0, 0, '', '2018-09-27', ''),
(108, 4, '杨宗合+老崔', 0, 0, 222, '', '2018-09-27', ''),
(109, 4, '杨宗合1人', 211, 0, 0, '', '2018-09-28', ''),
(110, 4, '杨宗合1人', 211, 0, 0, '', '2018-09-29', ''),
(111, 4, '杨宗合1人', 211, 0, 0, '', '2018-09-30', ''),
(112, 5, '贺洪江', 230, 0, 0, '', '2018-09-03', ''),
(113, 5, '贺洪江+贺洪亮', 220, 0, 0, '', '2018-09-04', ''),
(114, 5, '贺洪江+贺洪亮', 200, 0, 0, '', '2018-09-04', ''),
(115, 5, '贺洪江', 220, 0, 0, '', '2018-09-05', ''),
(116, 5, '贺洪江', 211, 0, 0, '', '2018-09-06', ''),
(117, 5, '贺洪江', 211, 0, 0, '', '2018-09-07', '回水15个  少17个水'),
(118, 5, '贺洪江', 240, 0, 0, '', '2018-09-08', ''),
(119, 5, '贺洪江', 0, 0, 0, '', '2018-09-09', '灯塔9方'),
(120, 5, '贺洪江', 211, 0, 0, '', '2018-09-09', ''),
(121, 5, '贺洪江', 220, 0, 0, '', '2018-09-10', ''),
(122, 5, '贺洪江', 230, 0, 0, '', '2018-09-11', ''),
(123, 5, '贺洪江', 211, 0, 0, '', '2018-09-12', '回水19个'),
(124, 5, '贺洪江', 220, 0, 0, '', '2018-09-13', ''),
(125, 5, '贺洪江', 120, 0, 0, '', '2018-09-14', ''),
(126, 5, '贺洪江', 211, 0, 0, '', '2018-09-16', '少交75元'),
(127, 5, '贺洪江', 220, 0, 0, '', '2018-09-17', ''),
(128, 5, '贺洪江', 211, 0, 0, '', '2018-09-18', '回水1个'),
(129, 5, '贺洪江', 211, 0, 0, '', '2018-09-19', ''),
(130, 5, '贺洪江', 220, 0, 0, '', '2018-09-22', ''),
(131, 5, '贺洪江+李强', 140, 0, 0, '', '2018-09-24', ''),
(132, 5, '贺洪江+老崔', 240, 0, 0, '', '2018-09-24', ''),
(133, 5, '贺洪江', 220, 0, 0, '', '2018-09-26', ''),
(134, 3, '田其利+小崔', 260, 0, 0, '', '2018-11-06', '');

-- --------------------------------------------------------

--
-- 表的结构 `fn_saler_bill_detail`
--

CREATE TABLE IF NOT EXISTS `fn_saler_bill_detail` (
  `id` int(11) NOT NULL AUTO_INCREMENT,
  `billId` int(11) NOT NULL,
  `customerId` int(11) NOT NULL,
  `priceId` int(11) NOT NULL,
  `bucketNum` int(11) NOT NULL,
  `drinkNum` int(11) NOT NULL,
  `bottleNum` int(11) NOT NULL,
  `backBucketNum` int(11) NOT NULL,
  `knot` decimal(10,2) NOT NULL COMMENT '结款',
  `debt` decimal(10,2) NOT NULL,
  `depositBucket` int(11) NOT NULL COMMENT '押桶',
  `remark` varchar(50) NOT NULL,
  `debtBucket` int(11) NOT NULL COMMENT '欠桶',
  PRIMARY KEY (`id`)
) ENGINE=MyISAM  DEFAULT CHARSET=utf8 AUTO_INCREMENT=1328 ;

--
-- 转存表中的数据 `fn_saler_bill_detail`
--

INSERT INTO `fn_saler_bill_detail` (`id`, `billId`, `customerId`, `priceId`, `bucketNum`, `drinkNum`, `bottleNum`, `backBucketNum`, `knot`, `debt`, `depositBucket`, `remark`, `debtBucket`) VALUES
(4, 2, 344, 83, 44, 0, 0, 44, '132.00', '0.00', 0, '', 0),
(5, 2, 261, 86, 9, 0, 0, 9, '27.00', '0.00', 0, '', 0),
(1190, 3, 6, 13, 14, 0, 0, 14, '35.00', '0.00', 0, '', 0),
(10, 2, 346, 346, 19, 0, 0, 17, '0.00', '57.00', 0, '', 2),
(17, 2, 211, 221, 20, 0, 0, 20, '60.00', '0.00', 0, '', 0),
(15, 2, 340, 93, 136, 0, 0, 136, '0.00', '408.00', 0, '', 0),
(19, 2, 258, 268, 4, 0, 0, 6, '-38.00', '0.00', -2, '', 0),
(20, 2, 325, 334, 8, 0, 0, 8, '24.00', '0.00', 0, '', 0),
(21, 4, 305, 314, 10, 0, 0, 10, '30.00', '0.00', 0, '', 0),
(22, 4, 347, 347, 10, 0, 0, 10, '30.00', '0.00', 0, '', 0),
(23, 4, 324, 333, 25, 0, 0, 25, '75.00', '0.00', 0, '', 0),
(42, 4, 348, 348, 18, 0, 0, 18, '0.00', '0.00', 0, '返陈列', 0),
(26, 4, 226, 236, 11, 0, 0, 11, '33.00', '0.00', 0, '', 0),
(27, 4, 327, 88, 13, 0, 0, 13, '39.00', '0.00', 0, '', 0),
(46, 4, 349, 350, 15, 0, 0, 5, '287.00', '0.00', 10, '', 0),
(30, 4, 343, 345, 16, 0, 0, 16, '48.00', '0.00', 0, '', 0),
(31, 4, 253, 263, 9, 0, 0, 9, '27.00', '0.00', 0, '', 0),
(32, 4, 350, 351, 8, 0, 0, 8, '24.00', '0.00', 0, '', 0),
(33, 4, 200, 210, 13, 0, 0, 13, '39.00', '0.00', 0, '', 0),
(34, 4, 288, 297, 13, 0, 0, 13, '39.00', '0.00', 0, '', 0),
(35, 4, 336, 339, 11, 0, 0, 11, '33.00', '0.00', 0, '', 0),
(36, 4, 351, 352, 16, 0, 0, 16, '48.00', '0.00', 0, '', 0),
(37, 4, 207, 217, 19, 0, 0, 21, '7.00', '0.00', -2, '', 0),
(38, 4, 352, 353, 13, 0, 0, 11, '39.00', '0.00', 0, '', 2),
(39, 4, 214, 224, 17, 0, 0, 17, '51.00', '0.00', 0, '', 0),
(40, 4, 293, 302, 21, 0, 0, 21, '63.00', '0.00', 0, '', 0),
(43, 4, 353, 371, 12, 0, 0, 12, '36.00', '0.00', 0, '', 0),
(45, 4, 262, 271, 0, 0, 0, 50, '0.00', '0.00', -50, '', 0),
(47, 5, 181, 194, 53, 0, 0, 53, '159.00', '0.00', 0, '', 0),
(48, 5, 186, 198, 11, 0, 0, 11, '30.00', '0.00', 0, '10送1', 0),
(49, 5, 187, 199, 13, 0, 0, 13, '39.00', '0.00', 0, '', 0),
(50, 5, 192, 203, 15, 0, 0, 13, '95.00', '0.00', 2, '', 0),
(51, 5, 270, 279, 15, 0, 0, 12, '120.00', '0.00', 3, '', 0),
(52, 5, 195, 205, 5, 0, 0, 5, '0.00', '15.00', 0, '', 0),
(53, 5, 463, 464, 16, 0, 0, 16, '48.00', '0.00', 0, '', 0),
(54, 5, 196, 206, 24, 0, 0, 24, '72.00', '0.00', 0, '', 0),
(55, 5, 199, 209, 80, 0, 0, 80, '240.00', '0.00', 0, '', 0),
(56, 5, 197, 207, 8, 0, 0, 8, '24.00', '0.00', 0, '', 0),
(57, 6, 353, 371, 27, 0, 0, 27, '81.00', '0.00', 0, '', 0),
(58, 6, 464, 465, 13, 0, 0, 13, '39.00', '0.00', 0, '', 0),
(59, 6, 328, 89, 7, 0, 0, 7, '21.00', '0.00', 0, '', 0),
(60, 6, 235, 245, 16, 0, 0, 16, '48.00', '0.00', 0, '', 0),
(61, 6, 343, 345, 9, 0, 0, 9, '27.00', '0.00', 0, '', 0),
(62, 6, 222, 232, 13, 0, 0, 13, '39.00', '0.00', 0, '', 0),
(63, 6, 465, 466, 9, 0, 0, 9, '27.00', '0.00', 0, '', 0),
(64, 6, 466, 467, 11, 0, 0, 11, '33.00', '0.00', 0, '', 0),
(65, 6, 241, 251, 10, 0, 0, 10, '30.00', '0.00', 0, '', 0),
(66, 6, 248, 258, 11, 0, 0, 11, '30.00', '0.00', 0, '10送1', 0),
(67, 6, 267, 276, 20, 0, 0, 20, '60.00', '0.00', 0, '', 0),
(68, 6, 220, 230, 11, 0, 0, 11, '30.00', '0.00', 0, '', 0),
(69, 6, 244, 254, 10, 0, 0, 10, '30.00', '0.00', 0, '', 0),
(70, 6, 467, 468, 32, 0, 0, 0, '0.00', '0.00', 0, '', 32),
(71, 6, 238, 248, 31, 0, 0, 31, '93.00', '0.00', 0, '', 0),
(72, 7, 314, 323, 11, 0, 0, 11, '33.00', '0.00', 0, '', 0),
(73, 7, 303, 312, 8, 0, 0, 8, '24.00', '0.00', 0, '', 0),
(74, 7, 299, 308, 37, 0, 0, 37, '111.00', '0.00', 0, '', 0),
(75, 7, 471, 471, 6, 0, 0, 5, '0.00', '18.00', 0, '', 1),
(76, 7, 228, 238, 11, 0, 0, 11, '33.00', '0.00', 0, '', 0),
(77, 7, 231, 241, 19, 0, 0, 19, '57.00', '0.00', 0, '', 0),
(78, 7, 240, 250, 10, 0, 0, 10, '30.00', '0.00', 0, '', 0),
(79, 7, 280, 289, 13, 0, 0, 13, '39.00', '0.00', 0, '', 0),
(80, 7, 202, 212, 33, 0, 0, 33, '99.00', '0.00', 0, '', 0),
(81, 7, 234, 244, 22, 0, 0, 22, '66.00', '0.00', 0, '', 0),
(83, 7, 330, 90, 31, 0, 0, 31, '0.00', '93.00', 0, '', 0),
(84, 7, 339, 342, 26, 0, 0, 26, '78.00', '0.00', 0, '', 0),
(85, 7, 225, 235, 9, 0, 0, 9, '27.00', '0.00', 0, '', 0),
(86, 7, 472, 472, 6, 0, 0, 6, '18.00', '0.00', 0, '', 0),
(87, 7, 293, 302, 18, 0, 0, 18, '54.00', '0.00', 0, '', 0),
(88, 8, 213, 223, 24, 0, 0, 24, '72.00', '0.00', 0, '', 0),
(89, 8, 286, 295, 14, 0, 0, 14, '42.00', '0.00', 0, '', 0),
(90, 8, 473, 473, 12, 0, 0, 12, '0.00', '0.00', 0, '返陈列', 0),
(91, 8, 265, 274, 10, 0, 0, 10, '30.00', '0.00', 0, '', 0),
(92, 8, 176, 189, 44, 0, 0, 44, '132.00', '0.00', 0, '', 0),
(95, 8, 179, 192, 11, 0, 0, 9, '83.00', '0.00', 2, '', 0),
(94, 8, 183, 196, 10, 0, 0, 10, '30.00', '0.00', 0, '', 0),
(96, 8, 184, 197, 22, 0, 0, 22, '66.00', '0.00', 0, '', 0),
(97, 8, 185, 80, 20, 0, 0, 20, '100.00', '0.00', 0, '好水-', 0),
(98, 8, 185, 474, 24, 0, 0, 24, '72.00', '0.00', 0, '', 0),
(99, 8, 182, 195, 79, 0, 0, 79, '237.00', '0.00', 0, '', 0),
(100, 9, 474, 475, 9, 0, 0, 9, '27.00', '0.00', 0, '', 0),
(101, 9, 239, 249, 25, 0, 0, 25, '75.00', '0.00', 0, '', 0),
(102, 9, 256, 266, 12, 0, 0, 12, '36.00', '0.00', 0, '', 0),
(103, 9, 475, 476, 10, 0, 0, 10, '0.00', '30.00', 0, '', 0),
(104, 9, 476, 477, 30, 0, 0, 30, '0.00', '90.00', 0, '', 0),
(105, 9, 477, 478, 39, 0, 0, 39, '117.00', '0.00', 0, '', 0),
(106, 9, 342, 344, 28, 0, 0, 28, '0.00', '84.00', 0, '', 0),
(107, 9, 287, 296, 10, 0, 0, 10, '30.00', '0.00', 0, '', 0),
(108, 9, 283, 292, 5, 0, 0, 5, '15.00', '0.00', 0, '', 0),
(109, 9, 282, 291, 20, 0, 0, 20, '60.00', '0.00', 0, '', 0),
(110, 9, 478, 479, 16, 0, 0, 16, '48.00', '0.00', 0, '', 0),
(111, 9, 343, 345, 22, 0, 0, 18, '166.00', '0.00', 4, '', 0),
(112, 9, 479, 480, 14, 0, 0, 14, '42.00', '0.00', 0, '', 0),
(113, 10, 325, 334, 16, 0, 0, 16, '48.00', '0.00', 0, '', 0),
(114, 10, 269, 278, 14, 0, 0, 14, '42.00', '0.00', 0, '', 0),
(115, 10, 332, 91, 17, 0, 0, 17, '51.00', '0.00', 0, '', 0),
(116, 10, 227, 237, 20, 0, 0, 20, '60.00', '0.00', 0, '', 0),
(117, 10, 260, 270, 21, 0, 0, 21, '63.00', '0.00', 0, '', 0),
(118, 10, 301, 310, 13, 0, 0, 13, '39.00', '0.00', 0, '', 0),
(119, 10, 351, 352, 18, 0, 0, 18, '54.00', '0.00', 0, '', 0),
(120, 10, 210, 220, 22, 0, 0, 22, '66.00', '0.00', 0, '', 0),
(121, 10, 207, 217, 27, 0, 0, 27, '81.00', '0.00', 0, '', 0),
(122, 10, 480, 481, 18, 0, 0, 18, '54.00', '0.00', 0, '', 0),
(123, 10, 262, 271, 9, 0, 0, 9, '27.00', '0.00', 0, '', 0),
(124, 10, 312, 321, 34, 0, 0, 34, '102.00', '0.00', 0, '', 0),
(125, 10, 481, 482, 11, 0, 0, 11, '33.00', '0.00', 0, '', 0),
(126, 11, 344, 83, 41, 0, 0, 41, '123.00', '0.00', 0, '', 0),
(127, 11, 219, 229, 31, 0, 0, 31, '87.00', '0.00', 0, '送2', 0),
(128, 11, 176, 189, 32, 0, 0, 28, '196.00', '0.00', 4, '', 0),
(129, 11, 328, 89, 15, 0, 0, 9, '195.00', '0.00', 6, '', 0),
(130, 11, 467, 468, 121, 0, 0, 180, '0.00', '0.00', 0, '', 0),
(131, 11, 482, 483, 0, 0, 100, 0, '0.00', '0.00', 0, '提货单', 0),
(132, 11, 483, 484, 0, 0, 20, 0, '0.00', '0.00', 0, '提货单', 0),
(133, 11, 484, 485, 0, 0, 50, 0, '0.00', '0.00', 0, '提货单', 0),
(134, 12, 485, 486, 19, 0, 0, 19, '57.00', '0.00', 0, '', 0),
(135, 12, 174, 187, 31, 0, 0, 31, '0.00', '93.00', 0, '', 0),
(136, 12, 486, 487, 22, 0, 0, 22, '66.00', '0.00', 0, '', 0),
(137, 12, 223, 233, 40, 0, 0, 40, '0.00', '120.00', 0, '', 0),
(139, 12, 487, 488, 20, 0, 0, 17, '135.00', '0.00', 3, '', 0),
(140, 12, 488, 489, 11, 0, 0, 11, '33.00', '0.00', 0, '', 0),
(141, 12, 296, 305, 17, 0, 0, 17, '0.00', '0.00', 0, '返陈列', 0),
(142, 12, 208, 218, 31, 0, 0, 31, '93.00', '0.00', 0, '', 0),
(143, 12, 489, 491, 10, 0, 0, 5, '125.00', '0.00', 5, '水 返陈列', 0),
(144, 12, 253, 263, 12, 0, 0, 12, '36.00', '0.00', 0, '', 0),
(145, 12, 353, 371, 10, 0, 0, 10, '30.00', '0.00', 0, '', 0),
(146, 12, 267, 276, 28, 0, 0, 28, '84.00', '0.00', 0, '', 0),
(147, 12, 275, 284, 19, 0, 0, 12, '232.00', '0.00', 7, '', 0),
(148, 13, 490, 492, 10, 0, 0, 10, '30.00', '0.00', 0, '', 0),
(149, 13, 272, 281, 6, 0, 0, 6, '18.00', '0.00', 0, '', 0),
(150, 13, 491, 493, 11, 0, 0, 11, '33.00', '0.00', 0, '', 0),
(151, 13, 268, 277, 9, 0, 0, 9, '27.00', '0.00', 0, '', 0),
(152, 13, 255, 265, 10, 0, 0, 10, '30.00', '0.00', 0, '', 0),
(153, 13, 290, 299, 13, 0, 0, 13, '39.00', '0.00', 0, '', 0),
(160, 13, 492, 494, 16, 0, 0, 16, '48.00', '0.00', 0, '', 0),
(155, 13, 464, 465, 11, 0, 0, 11, '33.00', '0.00', 0, '', 0),
(156, 13, 304, 313, 33, 0, 0, 33, '99.00', '0.00', 0, '', 0),
(157, 13, 343, 345, 16, 0, 0, 16, '48.00', '0.00', 0, '', 0),
(158, 13, 222, 232, 15, 0, 0, 15, '45.00', '0.00', 0, '', 0),
(159, 13, 200, 210, 25, 0, 0, 25, '75.00', '0.00', 0, '', 0),
(161, 13, 324, 333, 22, 0, 0, 22, '66.00', '0.00', 0, '', 0),
(162, 13, 337, 340, 31, 0, 0, 31, '93.00', '0.00', 0, '', 0),
(163, 13, 308, 317, 10, 0, 0, 10, '30.00', '0.00', 0, '', 0),
(164, 14, 334, 92, 15, 0, 0, 15, '0.00', '45.00', 0, '', 0),
(165, 14, 493, 495, 10, 0, 0, 0, '250.00', '30.00', 0, '', 0),
(166, 14, 247, 257, 32, 0, 0, 32, '96.00', '0.00', 0, '', 0),
(167, 14, 256, 266, 20, 0, 0, 20, '60.00', '0.00', 0, '', 0),
(168, 14, 262, 271, 10, 0, 0, 10, '30.00', '0.00', 0, '', 0),
(169, 14, 221, 231, 12, 0, 0, 12, '0.00', '0.00', 0, '陈列', 0),
(170, 14, 214, 224, 9, 0, 0, 9, '27.00', '0.00', 0, '', 0),
(171, 14, 209, 219, 39, 0, 0, 39, '117.00', '0.00', 0, '', 0),
(172, 14, 494, 496, 12, 0, 0, 12, '36.00', '0.00', 0, '', 0),
(173, 14, 236, 246, 15, 0, 0, 15, '45.00', '0.00', 0, '', 0),
(174, 14, 266, 275, 52, 0, 0, 52, '156.00', '0.00', 0, '', 0),
(175, 14, 351, 352, 7, 0, 0, 7, '21.00', '0.00', 0, '', 0),
(176, 14, 467, 468, 27, 0, 0, 0, '0.00', '0.00', 0, '', 0),
(177, 14, 328, 497, 0, 0, 100, 0, '900.00', '0.00', 0, '', 0),
(178, 14, 192, 498, 0, 0, 15, 0, '150.00', '0.00', 0, '', 0),
(179, 15, 189, 81, 20, 0, 0, 20, '0.00', '100.00', 0, '', 0),
(181, 15, 190, 201, 35, 0, 0, 25, '355.00', '0.00', 10, '', 0),
(182, 15, 192, 203, 23, 0, 0, 23, '69.00', '0.00', 0, '', 0),
(183, 15, 191, 202, 9, 0, 0, 9, '27.00', '0.00', 0, '', 0),
(184, 15, 194, 82, 30, 0, 0, 30, '105.00', '0.00', 0, '', 0),
(185, 15, 270, 279, 5, 0, 0, 5, '15.00', '0.00', 0, '', 0),
(186, 15, 195, 205, 7, 0, 0, 7, '0.00', '21.00', 0, '', 0),
(187, 15, 181, 194, 55, 0, 0, 55, '165.00', '0.00', 0, '', 0),
(188, 15, 178, 191, 21, 0, 0, 21, '63.00', '0.00', 0, '', 0),
(189, 15, 196, 206, 14, 0, 0, 14, '42.00', '0.00', 0, '', 0),
(192, 15, 176, 189, 40, 0, 0, 23, '545.00', '0.00', 17, '', 0),
(193, 16, 491, 493, 13, 0, 0, 13, '39.00', '0.00', 0, '', 0),
(194, 16, 230, 240, 15, 0, 0, 9, '195.00', '0.00', 6, '', 0),
(195, 16, 250, 260, 16, 0, 0, 16, '48.00', '0.00', 0, '', 0),
(196, 16, 277, 286, 25, 0, 0, 25, '75.00', '0.00', 0, '', 0),
(197, 16, 278, 287, 10, 0, 0, 10, '30.00', '0.00', 0, '', 0),
(198, 16, 203, 213, 15, 0, 0, 15, '45.00', '0.00', 0, '', 0),
(199, 16, 202, 212, 30, 0, 0, 30, '90.00', '0.00', 0, '', 0),
(200, 16, 495, 499, 10, 0, 0, 10, '30.00', '0.00', 0, '', 0),
(201, 16, 480, 481, 12, 0, 0, 12, '36.00', '0.00', 0, '', 0),
(202, 16, 207, 217, 22, 0, 0, 22, '66.00', '0.00', 0, '', 0),
(203, 16, 351, 352, 21, 0, 0, 21, '63.00', '0.00', 0, '', 0),
(204, 16, 231, 241, 20, 0, 0, 20, '60.00', '0.00', 0, '', 0),
(205, 16, 311, 320, 12, 0, 0, 12, '36.00', '0.00', 0, '', 0),
(206, 16, 228, 238, 12, 0, 0, 12, '36.00', '0.00', 0, '', 0),
(209, 16, 353, 371, 23, 0, 0, 23, '69.00', '0.00', 0, '', 0),
(208, 16, 496, 500, 4, 0, 0, 4, '12.00', '0.00', 0, '', 0),
(210, 16, 497, 501, 0, 0, 100, 0, '900.00', '0.00', 0, '', 0),
(211, 17, 340, 93, 114, 0, 0, 114, '0.00', '342.00', 0, '', 0),
(212, 17, 498, 503, 9, 0, 0, 9, '27.00', '0.00', 0, '', 0),
(213, 17, 200, 210, 17, 0, 0, 17, '51.00', '0.00', 0, '', 0),
(214, 17, 350, 351, 9, 0, 0, 9, '27.00', '0.00', 0, '', 0),
(215, 17, 253, 263, 10, 0, 0, 10, '30.00', '0.00', 0, '', 0),
(216, 17, 353, 371, 3, 0, 0, 3, '9.00', '0.00', 0, '', 0),
(217, 17, 267, 276, 28, 0, 0, 28, '84.00', '0.00', 0, '', 0),
(218, 17, 257, 267, 10, 0, 0, 10, '3.00', '0.00', 0, '9桶  返陈列', 0),
(219, 17, 318, 327, 30, 0, 0, 30, '90.00', '0.00', 0, '', 0),
(220, 17, 229, 239, 9, 0, 0, 9, '27.00', '0.00', 0, '', 0),
(221, 19, 343, 345, 32, 0, 0, 32, '96.00', '0.00', 0, '', 0),
(222, 19, 238, 248, 30, 0, 0, 30, '90.00', '0.00', 0, '', 0),
(223, 19, 218, 228, 8, 0, 0, 8, '0.00', '24.00', 0, '', 0),
(224, 19, 226, 236, 12, 0, 0, 12, '36.00', '0.00', 0, '', 0),
(225, 19, 327, 88, 13, 0, 0, 13, '39.00', '0.00', 0, '', 0),
(226, 19, 264, 273, 47, 0, 0, 47, '0.00', '141.00', 0, '', 0),
(227, 19, 500, 505, 24, 0, 0, 24, '72.00', '0.00', 0, '', 0),
(228, 19, 463, 464, 0, 0, 0, 15, '-375.00', '0.00', -15, '', 0),
(229, 19, 186, 198, 11, 0, 0, 11, '30.00', '0.00', 0, '10送1', 0),
(230, 19, 184, 197, 20, 0, 0, 20, '185.00', '0.00', 5, '', 0),
(231, 19, 182, 195, 35, 0, 0, 35, '105.00', '0.00', 0, '', 0),
(232, 19, 176, 189, 37, 0, 0, 37, '111.00', '0.00', 0, '', 0),
(233, 20, 196, 206, 27, 0, 0, 29, '31.00', '0.00', -2, '', 0),
(234, 20, 325, 334, 14, 0, 0, 14, '42.00', '0.00', 0, '', 0),
(235, 20, 490, 492, 5, 0, 0, 5, '15.00', '0.00', 0, '', 0),
(236, 20, 239, 249, 25, 0, 0, 25, '75.00', '0.00', 0, '', 0),
(237, 20, 256, 266, 10, 0, 0, 10, '30.00', '0.00', 0, '', 0),
(238, 20, 292, 301, 10, 0, 0, 10, '30.00', '0.00', 0, '', 0),
(239, 20, 286, 295, 18, 0, 0, 18, '54.00', '0.00', 0, '', 0),
(240, 20, 502, 508, 14, 0, 0, 14, '42.00', '0.00', 0, '', 0),
(241, 20, 299, 308, 37, 0, 0, 37, '102.00', '0.00', 0, '交-2   换1', 0),
(242, 20, 344, 83, 39, 0, 0, 39, '117.00', '0.00', 0, '', 0),
(243, 20, 244, 254, 11, 0, 0, 11, '33.00', '0.00', 0, '', 0),
(244, 20, 205, 215, 22, 0, 0, 22, '60.00', '0.00', 0, '10送1', 0),
(245, 20, 224, 234, 15, 0, 0, 0, '420.00', '0.00', 15, '', 0),
(246, 20, 346, 346, 13, 0, 0, 13, '0.00', '39.00', 0, '', 0),
(247, 21, 242, 252, 9, 0, 0, 4, '152.00', '0.00', 5, '', 0),
(248, 21, 279, 288, 45, 0, 0, 41, '235.00', '0.00', 4, '', 0),
(249, 21, 214, 224, 8, 0, 0, 8, '24.00', '0.00', 0, '', 0),
(250, 21, 481, 482, 9, 0, 0, 9, '27.00', '0.00', 0, '', 0),
(251, 21, 203, 213, 10, 0, 0, 10, '30.00', '0.00', 0, '', 0),
(252, 21, 202, 212, 35, 0, 0, 32, '180.00', '0.00', 3, '', 0),
(253, 21, 207, 217, 22, 0, 0, 22, '66.00', '0.00', 0, '', 0),
(254, 21, 480, 481, 9, 0, 0, 9, '27.00', '0.00', 0, '', 0),
(255, 21, 495, 499, 13, 0, 0, 13, '39.00', '0.00', 0, '', 0),
(256, 21, 351, 352, 22, 0, 0, 22, '66.00', '0.00', 0, '', 0),
(257, 21, 234, 244, 16, 0, 0, 16, '48.00', '0.00', 0, '', 0),
(258, 21, 330, 90, 29, 0, 0, 29, '0.00', '87.00', 0, '', 0),
(259, 21, 293, 302, 6, 0, 0, 6, '18.00', '0.00', 0, '', 0),
(260, 21, 503, 509, 7, 0, 0, 7, '21.00', '0.00', 0, '', 0),
(261, 22, 348, 348, 13, 0, 0, 13, '0.00', '0.00', 0, '返陈列\r\n', 0),
(262, 22, 504, 510, 10, 0, 0, 10, '30.00', '0.00', 0, '', 0),
(263, 22, 225, 235, 13, 0, 0, 13, '39.00', '0.00', 0, '', 0),
(264, 22, 220, 230, 14, 0, 0, 14, '42.00', '0.00', 0, '', 0),
(265, 22, 505, 511, 10, 0, 0, 8, '80.00', '0.00', 2, '', 0),
(266, 22, 506, 512, 21, 0, 0, 21, '63.00', '0.00', 0, '', 0),
(267, 22, 253, 263, 10, 0, 0, 10, '30.00', '0.00', 0, '', 0),
(268, 22, 353, 371, 5, 0, 0, 5, '15.00', '0.00', 0, '', 0),
(269, 22, 258, 268, 10, 0, 0, 10, '30.00', '0.00', 0, '', 0),
(270, 22, 219, 229, 28, 0, 0, 28, '78.00', '0.00', 0, '送2', 0),
(271, 22, 507, 513, 17, 0, 0, 17, '0.00', '0.00', 0, '返陈列\r\n', 0),
(272, 22, 300, 309, 8, 0, 0, 8, '24.00', '0.00', 0, '', 0),
(273, 22, 343, 345, 7, 0, 0, 7, '21.00', '0.00', 0, '', 0),
(274, 22, 222, 232, 13, 0, 0, 13, '39.00', '0.00', 0, '', 0),
(275, 22, 329, 335, 20, 0, 0, 20, '60.00', '0.00', 0, '', 0),
(276, 22, 349, 350, 14, 0, 0, 14, '35.00', '0.00', 0, '', 0),
(277, 22, 265, 274, 10, 0, 0, 10, '30.00', '0.00', 0, '', 0),
(278, 22, 328, 89, 7, 0, 0, 7, '21.00', '0.00', 0, '', 0),
(279, 22, 280, 289, 10, 0, 0, 10, '30.00', '0.00', 0, '', 0),
(280, 22, 464, 465, 0, 0, 0, 20, '-500.00', '0.00', -20, '', 0),
(281, 23, 176, 189, 33, 0, 0, 33, '99.00', '0.00', 0, '', 0),
(282, 23, 185, 474, 30, 0, 0, 30, '90.00', '0.00', 0, '', 0),
(283, 23, 183, 196, 6, 0, 0, 10, '-82.00', '0.00', 0, '', 0),
(284, 23, 180, 193, 13, 0, 0, 13, '0.00', '39.00', 0, '', 0),
(285, 23, 182, 195, 30, 0, 0, 30, '90.00', '0.00', 0, '', 0),
(286, 23, 467, 468, 128, 0, 0, 210, '0.00', '0.00', 0, '', 0),
(287, 23, 176, 189, 0, 0, 20, 0, '170.00', '0.00', 0, '', 0),
(288, 23, 338, 341, 0, 0, 50, 0, '500.00', '0.00', 0, '', 0),
(289, 23, 508, 514, 0, 0, 50, 0, '450.00', '0.00', 0, '', 0),
(290, 23, 509, 516, 0, 0, 50, 0, '450.00', '0.00', 0, '', 0),
(291, 23, 510, 517, 0, 0, 30, 0, '0.00', '0.00', 0, '提货单', 0),
(292, 24, 247, 257, 26, 0, 0, 26, '78.00', '0.00', 0, '', 0),
(293, 24, 252, 262, 6, 0, 0, 6, '18.00', '0.00', 0, '', 0),
(294, 24, 267, 276, 15, 0, 0, 15, '45.00', '0.00', 0, '', 0),
(295, 24, 248, 258, 22, 0, 0, 20, '10.00', '0.00', 2, '10送1', 0),
(296, 24, 208, 218, 30, 0, 0, 30, '90.00', '0.00', 0, '', 0),
(297, 24, 231, 241, 18, 0, 0, 18, '54.00', '0.00', 0, '', 0),
(298, 24, 206, 216, 10, 0, 0, 10, '30.00', '0.00', 0, '', 0),
(299, 24, 217, 227, 17, 0, 0, 27, '51.00', '0.00', -10, '', 0),
(300, 24, 511, 518, 9, 0, 0, 9, '27.00', '0.00', 0, '', 0),
(301, 24, 212, 222, 22, 0, 0, 22, '66.00', '0.00', 0, '', 0),
(302, 24, 337, 340, 34, 0, 0, 34, '102.00', '0.00', 0, '', 0),
(303, 24, 244, 254, 10, 0, 0, 10, '30.00', '0.00', 0, '', 0),
(304, 24, 344, 83, 21, 0, 0, 21, '63.00', '0.00', 0, '', 0),
(305, 25, 312, 321, 43, 0, 0, 43, '129.00', '0.00', 0, '', 0),
(306, 25, 490, 492, 8, 0, 0, 8, '24.00', '0.00', 0, '', 0),
(307, 25, 268, 277, 12, 0, 0, 12, '36.00', '0.00', 0, '', 0),
(308, 25, 272, 281, 9, 0, 0, 9, '27.00', '0.00', 0, '', 0),
(309, 25, 512, 519, 5, 0, 0, 5, '15.00', '0.00', 0, '', 0),
(310, 25, 285, 294, 6, 0, 0, 6, '18.00', '0.00', 0, '', 0),
(311, 25, 273, 282, 7, 0, 0, 7, '21.00', '0.00', 0, '', 0),
(312, 25, 324, 333, 18, 0, 0, 18, '54.00', '0.00', 0, '', 0),
(313, 25, 226, 236, 11, 0, 0, 11, '33.00', '0.00', 0, '', 0),
(314, 25, 227, 237, 15, 0, 0, 15, '45.00', '0.00', 0, '', 0),
(315, 25, 275, 284, 15, 0, 0, 21, '-105.00', '0.00', -6, '', 0),
(316, 25, 343, 345, 22, 0, 0, 22, '66.00', '0.00', 0, '', 0),
(317, 25, 265, 274, 15, 0, 0, 15, '45.00', '0.00', 0, '', 0),
(318, 25, 353, 371, 22, 0, 0, 22, '66.00', '0.00', 0, '', 0),
(319, 25, 467, 468, 7, 0, 0, 44, '0.00', '0.00', 0, '', 0),
(320, 26, 271, 280, 10, 0, 0, 10, '30.00', '0.00', 0, '', 0),
(321, 26, 256, 266, 14, 0, 0, 14, '42.00', '0.00', 0, '', 0),
(322, 26, 342, 344, 27, 0, 0, 27, '0.00', '81.00', 0, '', 0),
(323, 26, 293, 302, 12, 0, 0, 12, '36.00', '0.00', 0, '', 0),
(324, 26, 485, 486, 19, 0, 0, 19, '57.00', '0.00', 0, '', 0),
(325, 26, 288, 297, 10, 0, 0, 10, '30.00', '0.00', 0, '', 0),
(326, 26, 200, 210, 8, 0, 0, 8, '24.00', '0.00', 0, '', 0),
(327, 26, 241, 251, 12, 0, 0, 12, '36.00', '0.00', 0, '', 0),
(328, 26, 216, 226, 16, 0, 0, 10, '198.00', '0.00', 6, '', 0),
(329, 26, 207, 217, 29, 0, 0, 29, '87.00', '0.00', 0, '', 0),
(330, 26, 480, 481, 7, 0, 0, 7, '21.00', '0.00', 0, '', 0),
(331, 26, 351, 352, 11, 0, 0, 11, '33.00', '0.00', 0, '', 0),
(332, 26, 495, 499, 10, 0, 0, 10, '30.00', '0.00', 0, '', 0),
(333, 26, 228, 238, 12, 0, 0, 12, '36.00', '0.00', 0, '', 0),
(334, 26, 514, 521, 13, 0, 0, 13, '39.00', '0.00', 0, '', 0),
(335, 26, 269, 278, 9, 0, 0, 9, '27.00', '0.00', 0, '', 0),
(336, 26, 332, 91, 16, 0, 0, 16, '48.00', '0.00', 0, '', 0),
(337, 26, 339, 342, 5, 0, 0, 3, '15.00', '0.00', 0, '', 2),
(338, 27, 192, 203, 24, 0, 0, 24, '69.00', '0.00', 0, '换1', 0),
(339, 27, 195, 205, 6, 0, 0, 6, '0.00', '18.00', 0, '', 0),
(340, 27, 196, 206, 20, 0, 0, 20, '60.00', '0.00', 0, '', 0),
(341, 27, 187, 199, 10, 0, 0, 10, '30.00', '0.00', 0, '', 0),
(342, 27, 185, 474, 30, 0, 0, 40, '-160.00', '0.00', -10, '', 0),
(343, 27, 184, 197, 9, 0, 0, 9, '27.00', '0.00', 0, '', 0),
(344, 27, 182, 195, 75, 0, 0, 75, '225.00', '0.00', 0, '', 0),
(345, 27, 181, 194, 46, 0, 0, 46, '138.00', '0.00', 0, '', 0),
(346, 27, 176, 189, 20, 0, 0, 20, '60.00', '0.00', 0, '', 0),
(347, 28, 174, 187, 32, 0, 0, 32, '0.00', '96.00', 0, '', 0),
(348, 28, 239, 249, 33, 0, 0, 33, '99.00', '0.00', 0, '', 0),
(349, 28, 211, 221, 24, 0, 0, 24, '72.00', '0.00', 0, '', 0),
(350, 28, 352, 353, 13, 0, 0, 15, '39.00', '0.00', 0, '', -2),
(351, 28, 291, 300, 10, 0, 0, 10, '0.00', '0.00', 0, '返陈列', 0),
(352, 28, 286, 295, 17, 0, 0, 17, '51.00', '0.00', 0, '', 0),
(353, 28, 317, 326, 14, 0, 0, 14, '42.00', '0.00', 0, '', 0),
(354, 28, 301, 310, 14, 0, 0, 14, '42.00', '0.00', 0, '', 0),
(355, 28, 479, 480, 16, 0, 0, 16, '48.00', '0.00', 0, '', 0),
(356, 28, 259, 269, 13, 0, 0, 13, '39.00', '0.00', 0, '', 0),
(357, 28, 299, 308, 30, 0, 0, 30, '87.00', '0.00', 0, '换1', 0),
(358, 28, 290, 299, 18, 0, 0, 18, '54.00', '0.00', 0, '', 0),
(359, 28, 229, 239, 16, 0, 0, 16, '48.00', '0.00', 0, '', 0),
(360, 28, 294, 303, 20, 0, 0, 20, '60.00', '0.00', 0, '', 0),
(361, 29, 305, 314, 10, 0, 0, 10, '30.00', '0.00', 0, '', 0),
(362, 29, 196, 206, 25, 0, 0, 25, '75.00', '0.00', 0, '', 0),
(363, 29, 325, 334, 15, 0, 0, 15, '45.00', '0.00', 0, '', 0),
(364, 29, 230, 240, 22, 0, 0, 22, '66.00', '0.00', 0, '', 0),
(365, 29, 202, 212, 28, 0, 0, 28, '84.00', '0.00', 0, '', 0),
(366, 29, 343, 345, 22, 0, 0, 22, '66.00', '0.00', 0, '', 0),
(367, 29, 233, 243, 10, 0, 0, 10, '30.00', '0.00', 0, '', 0),
(368, 29, 253, 263, 17, 0, 0, 17, '51.00', '0.00', 0, '', 0),
(369, 29, 484, 485, 18, 0, 0, 18, '54.00', '0.00', 0, '', 0),
(370, 29, 176, 189, 36, 0, 0, 16, '608.00', '0.00', 20, '', 0),
(371, 29, 188, 200, 30, 0, 0, 30, '0.00', '90.00', 0, '', 0),
(372, 29, 249, 259, 14, 0, 0, 14, '42.00', '0.00', 0, '', 0),
(373, 29, 328, 89, 17, 0, 0, 17, '51.00', '0.00', 0, '', 0),
(374, 29, 261, 86, 6, 0, 0, 6, '18.00', '0.00', 0, '', 0),
(375, 30, 214, 224, 15, 0, 0, 15, '45.00', '0.00', 0, '', 0),
(376, 30, 481, 482, 9, 0, 0, 9, '27.00', '0.00', 0, '', 0),
(377, 30, 256, 266, 16, 0, 0, 16, '48.00', '0.00', 0, '', 0),
(378, 30, 346, 346, 14, 0, 0, 14, '0.00', '42.00', 0, '', 0),
(379, 30, 324, 333, 18, 0, 0, 18, '54.00', '0.00', 0, '', 0),
(380, 30, 304, 313, 32, 0, 0, 32, '96.00', '0.00', 0, '', 0),
(381, 30, 267, 276, 30, 0, 0, 30, '90.00', '0.00', 0, '', 0),
(382, 30, 297, 306, 16, 0, 0, 16, '48.00', '0.00', 0, '', 0),
(383, 30, 336, 339, 13, 0, 0, 13, '39.00', '0.00', 0, '', 0),
(384, 30, 192, 203, 34, 0, 0, 17, '527.00', '0.00', 0, '', 0),
(385, 30, 350, 351, 10, 0, 0, 10, '30.00', '0.00', 0, '', 0),
(386, 30, 467, 468, 33, 0, 0, 0, '0.00', '0.00', 0, '', 0),
(387, 31, 192, 498, 0, 0, 10, 0, '100.00', '0.00', 0, '', 0),
(388, 31, 515, 524, 0, 0, 25, 0, '250.00', '0.00', 0, '', 0),
(389, 31, 517, 525, 0, 0, 200, 0, '1800.00', '0.00', 0, '', 0),
(390, 31, 518, 526, 0, 0, 50, 0, '0.00', '0.00', 0, '提货单', 0),
(391, 31, 482, 483, 0, 0, 50, 0, '0.00', '0.00', 0, '提货单', 0),
(392, 32, 490, 492, 11, 0, 0, 11, '33.00', '0.00', 0, '', 0),
(393, 32, 247, 257, 25, 0, 0, 25, '75.00', '0.00', 0, '', 0),
(394, 32, 234, 244, 16, 0, 0, 16, '48.00', '0.00', 0, '', 0),
(395, 32, 272, 281, 10, 0, 0, 10, '30.00', '0.00', 0, '', 0),
(396, 32, 503, 509, 10, 0, 0, 8, '80.00', '0.00', 2, '', 0),
(397, 32, 349, 350, 10, 0, 0, 8, '75.00', '0.00', 2, '', 0),
(398, 32, 219, 229, 28, 0, 0, 28, '78.00', '0.00', 0, '送2', 0),
(399, 32, 489, 490, 9, 0, 0, 9, '0.00', '0.00', 0, '返陈列', 0),
(400, 32, 231, 241, 20, 0, 0, 20, '60.00', '0.00', 0, '', 0),
(401, 32, 266, 275, 53, 0, 0, 53, '159.00', '0.00', 0, '', 0),
(402, 32, 351, 352, 15, 0, 0, 15, '45.00', '0.00', 0, '', 0),
(403, 32, 207, 217, 24, 0, 0, 24, '72.00', '0.00', 0, '', 0),
(404, 32, 480, 481, 15, 0, 0, 15, '45.00', '0.00', 0, '', 0),
(405, 32, 344, 83, 24, 0, 0, 24, '72.00', '0.00', 0, '', 0),
(406, 33, 486, 487, 19, 0, 0, 19, '57.00', '0.00', 0, '', 0),
(407, 33, 519, 527, 20, 0, 0, 31, '0.00', '60.00', 0, '', -11),
(408, 33, 283, 292, 7, 0, 0, 7, '21.00', '0.00', 0, '', 0),
(409, 33, 288, 297, 10, 0, 0, 10, '30.00', '0.00', 0, '', 0),
(410, 33, 200, 210, 14, 0, 0, 14, '42.00', '0.00', 0, '', 0),
(411, 33, 176, 189, 50, 0, 0, 50, '150.00', '0.00', 0, '', 0),
(412, 33, 520, 528, 20, 0, 0, 20, '60.00', '0.00', 0, '', 0),
(413, 33, 280, 289, 9, 0, 0, 9, '27.00', '0.00', 0, '', 0),
(414, 33, 348, 348, 14, 0, 0, 14, '0.00', '0.00', 0, '返陈列', 0),
(415, 33, 208, 218, 30, 0, 0, 30, '90.00', '0.00', 0, '', 0),
(416, 33, 248, 258, 13, 0, 0, 13, '39.00', '0.00', 0, '', 0),
(417, 33, 343, 345, 25, 0, 0, 25, '75.00', '0.00', 0, '', 0),
(418, 33, 222, 232, 9, 0, 0, 9, '27.00', '0.00', 0, '', 0),
(419, 34, 201, 211, 20, 0, 0, 20, '60.00', '0.00', 0, '', 0),
(420, 34, 337, 340, 31, 0, 0, 31, '93.00', '0.00', 0, '', 0),
(421, 34, 238, 248, 40, 0, 0, 55, '-255.00', '0.00', -15, '', 0),
(422, 34, 320, 329, 10, 0, 0, 10, '30.00', '0.00', 0, '', 0),
(423, 34, 226, 236, 9, 0, 0, 9, '27.00', '0.00', 0, '', 0),
(424, 34, 327, 88, 11, 0, 0, 11, '30.00', '0.00', 0, '送1', 0),
(425, 34, 202, 212, 30, 0, 0, 26, '190.00', '0.00', 4, '', 0),
(426, 34, 521, 529, 0, 0, 0, 20, '-500.00', '0.00', -20, '', 0),
(427, 34, 344, 83, 32, 0, 0, 32, '96.00', '0.00', 0, '', 0),
(428, 34, 492, 494, 12, 0, 0, 12, '36.00', '0.00', 0, '', 0),
(429, 34, 522, 530, 19, 0, 0, 17, '57.00', '0.00', 0, '', 2),
(430, 35, 325, 334, 12, 0, 0, 12, '36.00', '0.00', 0, '', 0),
(431, 35, 239, 249, 33, 0, 0, 33, '99.00', '0.00', 0, '', 0),
(432, 35, 293, 302, 15, 0, 0, 15, '45.00', '0.00', 0, '', 0),
(433, 35, 475, 476, 10, 0, 0, 10, '0.00', '30.00', 0, '', 0),
(434, 35, 256, 266, 6, 0, 0, 6, '18.00', '0.00', 0, '', 0),
(435, 35, 476, 477, 30, 0, 0, 30, '0.00', '90.00', 0, '', 0),
(436, 35, 478, 479, 16, 0, 0, 16, '48.00', '0.00', 0, '', 0),
(437, 35, 308, 317, 12, 0, 0, 12, '36.00', '0.00', 0, '', 0),
(438, 35, 267, 276, 30, 0, 0, 30, '90.00', '0.00', 0, '', 0),
(439, 35, 214, 224, 15, 0, 0, 15, '45.00', '0.00', 0, '', 0),
(440, 35, 481, 482, 5, 0, 0, 5, '15.00', '0.00', 0, '', 0),
(441, 35, 225, 235, 11, 0, 0, 13, '-17.00', '0.00', -2, '', 0),
(442, 35, 330, 90, 29, 0, 0, 29, '0.00', '87.00', 0, '', 0),
(443, 35, 301, 310, 16, 0, 0, 15, '73.00', '0.00', 1, '', 0),
(444, 36, 213, 223, 10, 0, 0, 10, '30.00', '0.00', 0, '', 0),
(445, 36, 268, 277, 10, 0, 0, 10, '30.00', '0.00', 0, '', 0),
(446, 36, 491, 493, 9, 0, 0, 9, '27.00', '0.00', 0, '', 0),
(447, 36, 523, 531, 9, 0, 0, 9, '27.00', '0.00', 0, '', 0),
(448, 36, 326, 87, 16, 0, 0, 16, '48.00', '0.00', 0, '', 0),
(449, 36, 487, 488, 24, 0, 0, 24, '72.00', '0.00', 0, '', 0),
(450, 36, 299, 308, 35, 0, 0, 35, '99.00', '0.00', 0, '交-2', 0),
(451, 36, 290, 299, 10, 0, 0, 10, '30.00', '0.00', 0, '', 0),
(452, 36, 353, 371, 24, 0, 0, 24, '72.00', '0.00', 0, '', 0),
(453, 36, 258, 268, 4, 0, 0, 4, '12.00', '0.00', 0, '', 0),
(454, 36, 309, 318, 14, 0, 0, 13, '67.00', '0.00', 1, '', 0),
(455, 36, 467, 468, 50, 0, 0, 0, '0.00', '0.00', 0, '', 0),
(456, 37, 340, 93, 115, 0, 0, 115, '0.00', '345.00', 0, '', 0),
(457, 37, 209, 219, 27, 0, 0, 27, '81.00', '0.00', 0, '', 0),
(458, 37, 524, 532, 12, 0, 0, 12, '36.00', '0.00', 0, '', 0),
(459, 37, 176, 189, 40, 0, 0, 36, '220.00', '0.00', 4, '', 0),
(460, 37, 186, 198, 22, 0, 0, 22, '60.00', '0.00', 0, '10送1', 0),
(461, 37, 179, 192, 7, 0, 0, 7, '21.00', '0.00', 0, '', 0),
(462, 37, 525, 533, 20, 0, 0, 20, '0.00', '60.00', 0, '', 0),
(463, 37, 235, 245, 17, 0, 0, 17, '51.00', '0.00', 0, '', 0),
(464, 38, 485, 486, 19, 0, 0, 19, '57.00', '0.00', 0, '', 0),
(465, 38, 286, 295, 16, 0, 0, 16, '48.00', '0.00', 0, '', 0),
(466, 38, 308, 317, 23, 0, 0, 23, '69.00', '0.00', 0, '', 0),
(467, 38, 296, 305, 12, 0, 0, 12, '0.00', '0.00', 0, '返陈列', 0),
(468, 38, 480, 481, 10, 0, 0, 10, '30.00', '0.00', 0, '', 0),
(469, 38, 273, 282, 11, 0, 0, 11, '0.00', '0.00', 0, '返陈列', 0),
(470, 38, 220, 230, 15, 0, 0, 15, '45.00', '0.00', 0, '', 0),
(471, 38, 343, 345, 23, 0, 0, 23, '69.00', '0.00', 0, '', 0),
(472, 38, 494, 496, 12, 0, 0, 12, '36.00', '0.00', 0, '', 0),
(473, 38, 207, 217, 27, 0, 0, 27, '81.00', '0.00', 0, '', 0),
(474, 38, 228, 238, 12, 0, 0, 8, '136.00', '0.00', 4, '', 0),
(475, 38, 275, 284, 12, 0, 0, 12, '36.00', '0.00', 0, '', 0),
(476, 38, 222, 232, 18, 0, 0, 18, '54.00', '0.00', 0, '', 0),
(477, 38, 218, 228, 10, 0, 0, 10, '0.00', '30.00', 0, '', 0),
(478, 38, 290, 299, 4, 0, 0, 1, '87.00', '0.00', 3, '', 0),
(479, 38, 351, 352, 16, 0, 0, 16, '48.00', '0.00', 0, '', 0),
(480, 39, 190, 201, 36, 0, 0, 36, '108.00', '0.00', 0, '', 0),
(481, 39, 191, 202, 8, 0, 0, 8, '24.00', '0.00', 0, '', 0),
(482, 39, 192, 203, 26, 0, 0, 26, '78.00', '0.00', 0, '', 0),
(483, 39, 270, 279, 15, 0, 0, 13, '95.00', '0.00', 2, '', 0),
(484, 39, 194, 82, 30, 0, 0, 30, '105.00', '0.00', 0, '', 0),
(485, 39, 463, 464, 20, 0, 0, 0, '560.00', '0.00', 20, '', 0),
(486, 39, 195, 205, 8, 0, 0, 8, '0.00', '24.00', 0, '', 0),
(487, 39, 196, 206, 15, 0, 0, 15, '45.00', '0.00', 0, '', 0),
(488, 39, 274, 283, 9, 0, 0, 9, '27.00', '0.00', 0, '', 0),
(489, 39, 187, 199, 9, 0, 0, 9, '27.00', '0.00', 0, '', 0),
(490, 39, 183, 196, 8, 0, 0, 8, '24.00', '0.00', 0, '', 0),
(491, 39, 184, 197, 20, 0, 0, 20, '60.00', '0.00', 0, '', 0),
(492, 39, 181, 194, 40, 0, 0, 40, '120.00', '0.00', 0, '', 0),
(493, 39, 473, 473, 16, 0, 0, 23, '-175.00', '0.00', -7, '', 0),
(494, 40, 230, 240, 20, 0, 0, 20, '60.00', '0.00', 0, '', 0),
(495, 40, 236, 246, 15, 0, 0, 15, '45.00', '0.00', 0, '', 0),
(496, 40, 312, 321, 47, 0, 0, 47, '141.00', '0.00', 0, '', 0),
(497, 40, 221, 231, 12, 0, 0, 12, '0.00', '0.00', 0, '返陈列', 0),
(498, 40, 342, 344, 26, 0, 0, 26, '0.00', '78.00', 0, '', 0),
(499, 40, 297, 306, 11, 0, 0, 11, '33.00', '0.00', 0, '', 0),
(500, 40, 506, 512, 15, 0, 0, 15, '45.00', '0.00', 0, '', 0),
(501, 40, 505, 511, 10, 0, 0, 10, '30.00', '0.00', 0, '', 0),
(502, 40, 205, 215, 22, 0, 0, 22, '60.00', '0.00', 0, '10送1', 0),
(503, 40, 227, 237, 16, 0, 0, 16, '48.00', '0.00', 0, '', 0),
(504, 40, 344, 83, 21, 0, 0, 21, '63.00', '0.00', 0, '', 0),
(505, 41, 174, 187, 35, 0, 0, 35, '0.00', '105.00', 0, '', 0),
(506, 41, 474, 475, 9, 0, 0, 9, '27.00', '0.00', 0, '', 0),
(507, 41, 247, 257, 34, 0, 0, 34, '102.00', '0.00', 0, '', 0),
(508, 41, 477, 478, 28, 0, 0, 28, '84.00', '0.00', 0, '', 0),
(509, 41, 350, 351, 10, 0, 0, 10, '30.00', '0.00', 0, '', 0),
(510, 41, 253, 263, 9, 0, 0, 9, '27.00', '0.00', 0, '', 0),
(511, 41, 313, 322, 6, 0, 0, 6, '18.00', '0.00', 0, '', 0),
(512, 41, 353, 371, 12, 0, 0, 12, '36.00', '0.00', 0, '', 0),
(513, 41, 231, 241, 17, 0, 0, 17, '48.00', '0.00', 0, '换1', 0),
(514, 41, 239, 249, 10, 0, 0, 10, '30.00', '0.00', 0, '', 0),
(515, 41, 265, 274, 15, 0, 0, 15, '45.00', '0.00', 0, '', 0),
(516, 41, 224, 234, 20, 0, 0, 20, '80.00', '0.00', 0, '', 0),
(517, 41, 324, 333, 20, 0, 0, 20, '60.00', '0.00', 0, '', 0),
(518, 41, 244, 254, 15, 0, 0, 15, '45.00', '0.00', 0, '', 0),
(519, 42, 467, 468, 240, 0, 0, 300, '0.00', '0.00', 0, '', 0),
(520, 43, 339, 342, 10, 0, 0, 15, '-45.00', '0.00', -3, '', -2),
(521, 43, 196, 206, 31, 0, 0, 31, '93.00', '0.00', 0, '', 0),
(522, 43, 490, 492, 12, 0, 0, 12, '36.00', '0.00', 0, '', 0),
(523, 43, 277, 286, 27, 0, 0, 27, '81.00', '0.00', 0, '', 0),
(524, 43, 202, 212, 34, 0, 0, 34, '102.00', '0.00', 0, '', 0),
(525, 43, 301, 310, 15, 0, 0, 15, '45.00', '0.00', 0, '', 0),
(526, 43, 231, 241, 17, 0, 0, 17, '51.00', '0.00', 0, '', 0),
(527, 43, 267, 276, 30, 0, 0, 30, '90.00', '0.00', 0, '', 0),
(528, 43, 248, 258, 22, 0, 0, 22, '60.00', '0.00', 0, '10送1', 0),
(529, 43, 328, 89, 18, 0, 0, 20, '4.00', '0.00', -2, '', 0),
(530, 43, 329, 335, 25, 0, 0, 25, '75.00', '0.00', 0, '', 0),
(531, 43, 507, 513, 19, 0, 0, 15, '100.00', '0.00', 4, '返陈列', 0),
(532, 44, 334, 92, 15, 0, 0, 15, '0.00', '45.00', 0, '', 0),
(533, 44, 346, 346, 11, 0, 0, 11, '0.00', '33.00', 0, '', 0),
(534, 44, 226, 236, 10, 0, 0, 10, '30.00', '0.00', 0, '', 0),
(535, 44, 327, 88, 7, 0, 0, 7, '21.00', '0.00', 0, '', 0),
(536, 44, 343, 345, 22, 0, 0, 22, '66.00', '0.00', 0, '', 0),
(537, 44, 200, 210, 22, 0, 0, 22, '66.00', '0.00', 0, '', 0),
(538, 44, 288, 297, 14, 0, 0, 14, '42.00', '0.00', 0, '', 0),
(539, 44, 200, 210, 11, 0, 0, 11, '33.00', '0.00', 0, '', 0),
(540, 44, 287, 296, 11, 0, 0, 11, '33.00', '0.00', 0, '', 0),
(541, 44, 207, 217, 20, 0, 0, 20, '60.00', '0.00', 0, '', 0),
(542, 44, 480, 481, 16, 0, 0, 12, '148.00', '0.00', 4, '', 0),
(543, 44, 351, 352, 14, 0, 0, 14, '42.00', '0.00', 0, '', 0),
(544, 44, 234, 244, 19, 0, 0, 19, '57.00', '0.00', 0, '', 0),
(545, 44, 256, 266, 14, 0, 0, 14, '42.00', '0.00', 0, '', 0),
(546, 44, 319, 328, 20, 0, 0, 20, '0.00', '60.00', 0, '', 0),
(547, 44, 263, 272, 8, 0, 0, 8, '24.00', '0.00', 0, '', 0),
(548, 44, 252, 262, 7, 0, 0, 7, '21.00', '0.00', 0, '', 0),
(549, 44, 247, 257, 9, 0, 0, 5, '127.00', '0.00', 4, '', 0),
(550, 44, 341, 343, 10, 0, 0, 10, '30.00', '0.00', 0, '', 0),
(551, 45, 176, 189, 47, 0, 0, 47, '141.00', '0.00', 0, '', 0),
(552, 45, 180, 193, 23, 0, 0, 23, '0.00', '69.00', 0, '', 0),
(553, 45, 178, 191, 21, 0, 0, 21, '63.00', '0.00', 0, '', 0),
(554, 45, 185, 80, 20, 0, 0, 20, '100.00', '0.00', 0, '', 0),
(555, 45, 185, 474, 41, 0, 0, 41, '123.00', '0.00', 0, '', 0),
(556, 45, 182, 195, 87, 0, 0, 87, '258.00', '0.00', 0, '换1', 0),
(557, 46, 268, 277, 12, 0, 0, 12, '36.00', '0.00', 0, '', 0),
(558, 46, 491, 493, 17, 0, 0, 17, '51.00', '0.00', 0, '', 0),
(559, 46, 272, 281, 9, 0, 0, 8, '52.00', '0.00', 1, '', 0),
(560, 46, 512, 519, 10, 0, 0, 10, '30.00', '0.00', 0, '', 0),
(561, 46, 303, 312, 8, 0, 0, 8, '24.00', '0.00', 0, '', 0),
(562, 46, 526, 534, 10, 0, 0, 10, '30.00', '0.00', 0, '', 0),
(563, 46, 309, 318, 10, 0, 0, 10, '30.00', '0.00', 0, '', 0),
(564, 46, 214, 224, 19, 0, 0, 19, '57.00', '0.00', 0, '', 0),
(565, 46, 481, 482, 6, 0, 0, 6, '18.00', '0.00', 0, '', 0),
(566, 46, 232, 242, 24, 0, 0, 27, '-10.00', '0.00', -3, '', 0),
(567, 46, 527, 535, 16, 0, 0, 16, '48.00', '0.00', 0, '', 0),
(568, 46, 349, 350, 15, 0, 0, 0, '37.00', '0.00', 0, '', 15),
(569, 46, 337, 340, 31, 0, 0, 31, '93.00', '0.00', 0, '', 0),
(570, 46, 344, 83, 39, 0, 0, 39, '117.00', '0.00', 0, '', 0),
(571, 46, 299, 308, 14, 0, 0, 14, '42.00', '0.00', 0, '', 0),
(572, 48, 486, 487, 20, 0, 0, 20, '60.00', '0.00', 0, '', 0),
(573, 48, 325, 334, 13, 0, 0, 13, '39.00', '0.00', 0, '', 0),
(574, 48, 225, 235, 12, 0, 0, 12, '36.00', '0.00', 0, '', 0),
(575, 48, 239, 249, 34, 0, 0, 34, '102.00', '0.00', 0, '', 0),
(576, 48, 503, 509, 10, 0, 0, 10, '30.00', '0.00', 0, '', 0),
(577, 48, 208, 218, 34, 0, 0, 34, '102.00', '0.00', 0, '', 0),
(578, 48, 308, 317, 10, 0, 0, 9, '55.00', '0.00', 1, '', 0),
(579, 48, 522, 530, 12, 0, 0, 12, '36.00', '0.00', 0, '', 0),
(580, 48, 176, 189, 38, 0, 0, 38, '114.00', '0.00', 0, '', 0),
(581, 48, 181, 194, 57, 0, 0, 50, '346.00', '0.00', 7, '', 0),
(582, 49, 222, 232, 19, 0, 0, 19, '57.00', '0.00', 0, '', 0),
(583, 49, 343, 345, 31, 0, 0, 31, '93.00', '0.00', 0, '', 0),
(584, 49, 267, 276, 30, 0, 0, 30, '90.00', '0.00', 0, '', 0),
(585, 49, 479, 480, 18, 0, 0, 18, '54.00', '0.00', 0, '', 0),
(586, 49, 275, 284, 10, 0, 0, 10, '30.00', '0.00', 0, '', 0),
(587, 49, 304, 313, 31, 0, 0, 31, '93.00', '0.00', 0, '', 0),
(588, 49, 464, 465, 0, 0, 0, 8, '-200.00', '0.00', -8, '', 0),
(589, 49, 353, 371, 24, 0, 0, 24, '72.00', '0.00', 0, '', 0),
(590, 49, 467, 468, 52, 0, 0, 65, '0.00', '0.00', 0, '', 0),
(591, 50, 286, 295, 18, 0, 0, 18, '54.00', '0.00', 0, '', 0),
(592, 50, 332, 91, 15, 0, 0, 15, '45.00', '0.00', 0, '', 0),
(593, 50, 202, 212, 38, 0, 0, 38, '114.00', '0.00', 0, '', 0),
(594, 50, 207, 217, 26, 0, 0, 26, '78.00', '0.00', 0, '', 0),
(595, 50, 336, 339, 12, 0, 0, 12, '36.00', '0.00', 0, '', 0),
(596, 50, 288, 297, 8, 0, 0, 8, '24.00', '0.00', 0, '', 0),
(597, 50, 200, 210, 12, 0, 0, 12, '36.00', '0.00', 0, '', 0),
(598, 50, 209, 219, 24, 0, 0, 24, '72.00', '0.00', 0, '', 0),
(599, 50, 350, 351, 7, 0, 0, 7, '21.00', '0.00', 0, '', 0),
(600, 50, 528, 536, 12, 0, 0, 0, '336.00', '0.00', 12, '', 0),
(601, 50, 348, 348, 15, 0, 0, 15, '0.00', '0.00', 0, '返陈列', 0),
(602, 50, 301, 310, 16, 0, 0, 16, '48.00', '0.00', 0, '', 0),
(603, 50, 351, 352, 14, 0, 0, 14, '39.00', '0.00', 0, '换1', 0),
(604, 50, 231, 241, 22, 0, 0, 22, '66.00', '0.00', 0, '', 0),
(605, 51, 271, 280, 10, 0, 0, 10, '30.00', '0.00', 0, '', 0),
(606, 51, 485, 486, 17, 0, 0, 17, '51.00', '0.00', 0, '', 0),
(607, 51, 529, 537, 11, 0, 0, 11, '33.00', '0.00', 0, '', 0),
(608, 51, 226, 236, 10, 0, 0, 10, '30.00', '0.00', 0, '', 0),
(609, 51, 327, 88, 8, 0, 0, 8, '24.00', '0.00', 0, '', 0),
(610, 51, 238, 248, 30, 0, 0, 35, '-35.00', '0.00', -5, '', 0),
(611, 51, 219, 229, 31, 0, 0, 31, '87.00', '0.00', 0, '送2', 0),
(613, 51, 253, 263, 10, 0, 0, 10, '30.00', '0.00', 0, '', 0),
(614, 51, 353, 371, 16, 0, 0, 16, '48.00', '0.00', 0, '', 0),
(615, 51, 299, 308, 36, 0, 0, 29, '99.00', '0.00', 0, '交-2  换1', 7),
(616, 52, 293, 302, 7, 0, 0, 7, '21.00', '0.00', 0, '', 0),
(617, 52, 511, 518, 0, 0, 0, 4, '-100.00', '0.00', -4, '', 0),
(618, 52, 203, 213, 15, 0, 0, 15, '45.00', '0.00', 0, '', 0),
(619, 52, 480, 481, 12, 0, 0, 12, '36.00', '0.00', 0, '', 0),
(620, 52, 351, 352, 11, 0, 0, 11, '33.00', '0.00', 0, '', 0),
(621, 52, 219, 229, 12, 0, 0, 12, '36.00', '0.00', 0, '', 0),
(622, 52, 241, 251, 10, 0, 0, 10, '30.00', '0.00', 0, '', 0),
(623, 52, 343, 345, 19, 0, 0, 19, '57.00', '0.00', 0, '', 0),
(624, 52, 228, 238, 13, 0, 0, 13, '39.00', '0.00', 0, '', 0),
(625, 52, 176, 189, 46, 0, 0, 46, '138.00', '0.00', 0, '', 0),
(626, 52, 496, 500, 10, 0, 0, 10, '30.00', '0.00', 0, '', 0),
(627, 52, 467, 468, 85, 0, 0, 166, '0.00', '0.00', 0, '', 0),
(628, 53, 190, 201, 19, 0, 0, 19, '57.00', '0.00', 0, '', 0),
(629, 53, 192, 203, 28, 0, 0, 28, '0.00', '0.00', 0, '未收钱', 0),
(630, 53, 195, 205, 13, 0, 0, 13, '0.00', '39.00', 0, '', 0),
(631, 53, 463, 464, 8, 0, 0, 8, '24.00', '0.00', 0, '', 0),
(632, 53, 196, 206, 5, 0, 0, 15, '-235.00', '0.00', -10, '', 0),
(633, 53, 198, 208, 21, 0, 0, 21, '63.00', '0.00', 0, '', 0),
(634, 53, 270, 279, 8, 0, 0, 8, '24.00', '0.00', 0, '', 0),
(635, 53, 187, 199, 8, 0, 0, 8, '24.00', '0.00', 0, '', 0),
(636, 53, 186, 198, 22, 0, 0, 20, '100.00', '0.00', 2, '10送1   押桶20/个', 0),
(637, 53, 254, 264, 21, 0, 0, 21, '63.00', '0.00', 0, '', 0),
(638, 53, 290, 299, 25, 0, 0, 25, '75.00', '0.00', 0, '', 0),
(639, 53, 344, 83, 44, 0, 0, 44, '132.00', '0.00', 0, '', 0),
(640, 53, 490, 492, 8, 0, 0, 8, '24.00', '0.00', 0, '', 0),
(641, 53, 177, 190, 10, 0, 0, 10, '30.00', '0.00', 0, '', 0),
(642, 54, 305, 314, 11, 0, 0, 11, '33.00', '0.00', 0, '', 0),
(643, 54, 196, 206, 20, 0, 0, 22, '10.00', '0.00', -2, '', 0),
(644, 54, 247, 257, 36, 0, 0, 36, '108.00', '0.00', 0, '', 0),
(645, 54, 330, 90, 35, 0, 0, 35, '0.00', '105.00', 0, '', 0),
(646, 54, 214, 224, 14, 0, 0, 14, '42.00', '0.00', 0, '', 0),
(647, 54, 212, 222, 21, 0, 0, 19, '113.00', '0.00', 2, '', 0),
(648, 54, 296, 305, 13, 0, 0, 13, '0.00', '39.00', 0, '', 0),
(649, 54, 207, 217, 27, 0, 0, 27, '81.00', '0.00', 0, '', 0),
(650, 54, 522, 530, 17, 0, 0, 17, '51.00', '0.00', 0, '', 0),
(651, 54, 324, 333, 23, 0, 0, 23, '69.00', '0.00', 0, '', 0),
(652, 54, 318, 327, 29, 0, 0, 29, '87.00', '0.00', 0, '', 0),
(653, 54, 229, 239, 13, 0, 0, 13, '39.00', '0.00', 0, '', 0),
(654, 54, 497, 502, 0, 0, 50, 0, '450.00', '0.00', 0, '', 0),
(655, 55, 211, 221, 20, 0, 0, 20, '60.00', '0.00', 0, '', 0),
(656, 55, 342, 344, 28, 0, 0, 28, '0.00', '84.00', 0, '', 0),
(657, 55, 340, 93, 91, 0, 0, 91, '0.00', '273.00', 0, '', 0),
(658, 55, 283, 292, 10, 0, 0, 6, '130.00', '0.00', 4, '', 0),
(659, 55, 351, 352, 16, 0, 0, 16, '48.00', '0.00', 0, '', 0),
(660, 55, 267, 276, 30, 0, 0, 30, '90.00', '0.00', 0, '', 0),
(661, 55, 489, 490, 9, 0, 0, 9, '0.00', '27.00', 0, '', 0),
(662, 55, 513, 520, 6, 0, 0, 6, '18.00', '0.00', 0, '', 0),
(663, 55, 258, 268, 10, 0, 0, 10, '30.00', '0.00', 0, '', 0),
(664, 55, 230, 240, 20, 0, 0, 18, '110.00', '0.00', 2, '', 0),
(665, 56, 269, 278, 17, 0, 0, 17, '51.00', '0.00', 0, '', 0),
(666, 56, 255, 265, 12, 0, 0, 12, '36.00', '0.00', 0, '', 0),
(667, 56, 250, 260, 13, 0, 0, 13, '39.00', '0.00', 0, '', 0),
(668, 56, 490, 492, 7, 0, 0, 7, '21.00', '0.00', 0, '', 0),
(669, 56, 279, 288, 29, 0, 0, 29, '87.00', '0.00', 0, '', 0),
(670, 56, 312, 321, 44, 0, 0, 44, '132.00', '0.00', 0, '', 0),
(671, 56, 262, 271, 18, 0, 0, 18, '54.00', '0.00', 0, '', 0),
(672, 56, 481, 482, 10, 0, 0, 10, '30.00', '0.00', 0, '', 0),
(673, 56, 203, 213, 11, 0, 0, 11, '33.00', '0.00', 0, '', 0),
(674, 56, 202, 212, 31, 0, 0, 31, '93.00', '0.00', 0, '', 0),
(675, 56, 492, 494, 20, 0, 0, 20, '60.00', '0.00', 0, '', 0),
(676, 56, 467, 468, 28, 0, 0, 50, '0.00', '0.00', 0, '', 0),
(677, 57, 491, 493, 14, 0, 0, 14, '42.00', '0.00', 0, '', 0),
(678, 57, 268, 277, 9, 0, 0, 9, '27.00', '0.00', 0, '', 0),
(679, 57, 272, 281, 10, 0, 0, 8, '80.00', '0.00', 2, '', 0),
(680, 57, 476, 477, 30, 0, 0, 30, '0.00', '90.00', 0, '', 0),
(681, 57, 251, 261, 10, 0, 0, 10, '30.00', '0.00', 0, '', 0),
(682, 57, 350, 351, 10, 0, 0, 10, '30.00', '0.00', 0, '', 0),
(683, 57, 248, 258, 22, 0, 0, 22, '60.00', '0.00', 0, '10送1', 0),
(684, 57, 343, 345, 25, 0, 0, 25, '75.00', '0.00', 0, '', 0),
(685, 57, 222, 232, 15, 0, 0, 15, '45.00', '0.00', 0, '', 0),
(686, 57, 231, 241, 16, 0, 0, 16, '48.00', '0.00', 0, '', 0),
(687, 57, 227, 237, 21, 0, 0, 21, '63.00', '0.00', 0, '', 0),
(688, 57, 494, 496, 10, 0, 0, 10, '30.00', '0.00', 0, '', 0),
(689, 57, 301, 310, 16, 0, 0, 16, '48.00', '0.00', 0, '', 0),
(690, 57, 337, 340, 20, 0, 0, 20, '60.00', '0.00', 0, '', 0),
(691, 57, 174, 187, 32, 0, 0, 32, '0.00', '96.00', 0, '', 0),
(692, 58, 530, 538, 10, 0, 0, 10, '0.00', '30.00', 0, '', 0),
(693, 58, 531, 539, 50, 0, 0, 50, '0.00', '150.00', 0, '', 0),
(694, 58, 434, 443, 24, 0, 0, 24, '72.00', '0.00', 0, '', 0),
(695, 58, 379, 360, 102, 0, 0, 102, '255.00', '0.00', 0, '', 0),
(696, 58, 444, 448, 10, 0, 0, 10, '0.00', '30.00', 0, '', 0),
(697, 58, 460, 461, 35, 0, 0, 35, '102.00', '0.00', 0, '换1水', 0),
(698, 58, 375, 358, 29, 0, 0, 29, '72.00', '0.00', 0, '', 0),
(699, 59, 532, 540, 14, 0, 0, 14, '42.00', '0.00', 0, '', 0),
(700, 59, 394, 404, 21, 0, 0, 21, '63.00', '0.00', 0, '', 0),
(701, 59, 425, 434, 25, 0, 0, 25, '75.00', '0.00', 0, '', 0),
(702, 59, 405, 415, 15, 0, 0, 15, '45.00', '0.00', 0, '', 0),
(703, 59, 393, 403, 29, 0, 0, 29, '87.00', '0.00', 0, '', 0),
(704, 59, 419, 362, 30, 0, 0, 30, '60.00', '0.00', 0, '', 0),
(705, 59, 441, 367, 91, 0, 0, 86, '182.00', '0.00', 0, '', 5),
(706, 59, 440, 364, 75, 0, 0, 75, '172.00', '0.00', 0, '', 0),
(707, 60, 357, 374, 24, 0, 0, 24, '72.00', '0.00', 0, '', 0),
(708, 60, 435, 444, 21, 0, 0, 21, '63.00', '0.00', 0, '', 0),
(709, 60, 433, 442, 32, 0, 0, 32, '96.00', '0.00', 0, '', 0),
(710, 60, 533, 541, 13, 0, 0, 13, '39.00', '0.00', 0, '', 0),
(711, 60, 367, 384, 21, 0, 0, 21, '63.00', '0.00', 0, '', 0),
(712, 60, 436, 445, 17, 0, 0, 17, '186.00', '-135.00', 0, '', 0),
(723, 61, 536, 544, 19, 0, 0, 19, '57.00', '0.00', 0, '', 0),
(713, 60, 424, 433, 19, 0, 0, 19, '57.00', '0.00', 0, '', 0),
(714, 60, 534, 542, 28, 0, 0, 28, '84.00', '0.00', 0, '', 0),
(715, 60, 535, 543, 8, 0, 0, 8, '24.00', '0.00', 0, '', 0),
(716, 60, 423, 375, 14, 0, 0, 14, '42.00', '0.00', 0, '', 0),
(717, 60, 426, 435, 14, 0, 0, 14, '42.00', '0.00', 0, '', 0),
(718, 60, 411, 421, 17, 0, 0, 17, '51.00', '0.00', 0, '', 0),
(719, 60, 421, 430, 10, 0, 0, 10, '30.00', '0.00', 0, '', 0),
(720, 60, 376, 389, 25, 0, 0, 25, '75.00', '0.00', 0, '', 0),
(721, 60, 360, 377, 15, 0, 0, 13, '95.00', '0.00', 2, '', 0),
(722, 60, 429, 438, 20, 0, 0, 23, '0.00', '60.00', 0, '', -3),
(724, 61, 537, 545, 16, 0, 0, 12, '148.00', '0.00', 4, '', 0),
(725, 61, 385, 395, 10, 0, 0, 10, '24.00', '0.00', 0, '送2', 0),
(726, 61, 407, 417, 10, 0, 0, 10, '0.00', '0.00', 0, '返陈列', 0),
(727, 61, 404, 414, 32, 0, 0, 32, '96.00', '0.00', 0, '', 0),
(728, 61, 361, 378, 26, 0, 0, 26, '78.00', '0.00', 0, '', 0),
(729, 61, 538, 546, 20, 0, 0, 10, '196.00', '0.00', 10, '', 0),
(730, 61, 412, 422, 14, 0, 0, 14, '0.00', '42.00', 0, '', 0),
(731, 61, 374, 357, 38, 0, 0, 38, '95.00', '0.00', 0, '', 0),
(732, 61, 460, 461, 41, 0, 0, 41, '123.00', '0.00', 0, '', 0),
(733, 61, 362, 379, 14, 0, 0, 14, '39.00', '0.00', 0, '换1', 0),
(734, 61, 368, 355, 26, 0, 0, 26, '0.00', '91.00', 0, '', 0),
(735, 61, 367, 384, 20, 0, 0, 20, '60.00', '0.00', 0, '', 0),
(736, 61, 539, 547, 14, 0, 0, 14, '42.00', '0.00', 0, '', 0),
(737, 62, 538, 546, 112, 0, 0, 112, '257.00', '0.00', 0, '', 0),
(738, 62, 393, 403, 46, 0, 0, 46, '138.00', '0.00', 0, '', 0),
(739, 62, 376, 389, 40, 0, 0, 40, '120.00', '0.00', 0, '', 0),
(740, 62, 540, 548, 23, 0, 0, 23, '69.00', '0.00', 0, '', 0),
(741, 62, 433, 442, 30, 0, 0, 30, '0.00', '0.00', 0, '送', 0),
(742, 62, 415, 425, 9, 0, 0, 9, '27.00', '0.00', 0, '', 0),
(743, 63, 366, 383, 27, 0, 0, 27, '171.00', '0.00', 0, '收回8.30欠水30个90元', 0),
(744, 63, 373, 388, 24, 0, 0, 24, '69.00', '0.00', 0, '换1', 0),
(745, 63, 363, 380, 13, 0, 0, 13, '39.00', '0.00', 0, '', 0),
(746, 63, 366, 383, 98, 0, 0, 98, '0.00', '294.00', 0, '', 0),
(747, 63, 388, 398, 55, 0, 0, 55, '165.00', '0.00', 0, '', 0),
(748, 63, 386, 396, 66, 0, 0, 45, '705.00', '0.00', 21, '送6', 0),
(749, 63, 385, 395, 17, 0, 0, 17, '51.00', '0.00', 0, '', 0),
(750, 64, 453, 455, 25, 0, 0, 25, '0.00', '75.00', 0, '', 0),
(751, 64, 428, 437, 16, 0, 0, 16, '48.00', '0.00', 0, '', 0),
(752, 64, 429, 438, 20, 0, 0, 20, '0.00', '60.00', 0, '', 0),
(753, 64, 405, 415, 27, 0, 0, 27, '81.00', '0.00', 0, '', 0),
(754, 64, 418, 428, 8, 0, 0, 8, '24.00', '0.00', 0, '', 0),
(755, 64, 459, 460, 44, 0, 0, 24, '500.00', '132.00', 20, '', 0),
(756, 64, 419, 362, 31, 0, 0, 31, '62.00', '0.00', 0, '', 0),
(757, 64, 445, 449, 7, 0, 0, 7, '21.00', '0.00', 0, '', 0),
(758, 64, 395, 405, 9, 0, 0, 9, '27.00', '0.00', 0, '', 0),
(759, 64, 460, 461, 27, 0, 0, 27, '81.00', '0.00', 0, '', 0),
(760, 64, 406, 416, 26, 0, 0, 31, '-47.00', '0.00', -5, '', 0),
(761, 64, 421, 430, 20, 0, 0, 20, '60.00', '0.00', 0, '', 0),
(762, 65, 379, 360, 109, 0, 0, 109, '272.00', '0.00', 0, '', 0),
(763, 65, 357, 374, 30, 0, 0, 30, '90.00', '0.00', 0, '', 0),
(764, 65, 415, 425, 63, 0, 0, 63, '189.00', '0.00', 0, '', 0),
(765, 65, 359, 376, 12, 0, 0, 12, '36.00', '0.00', 0, '', 0),
(766, 65, 360, 377, 10, 0, 0, 2, '230.00', '0.00', 8, '', 0),
(767, 65, 400, 410, 37, 0, 0, 37, '111.00', '0.00', 0, '', 0),
(768, 65, 541, 549, 38, 0, 0, 38, '95.00', '0.00', 0, '', 0),
(769, 66, 540, 548, 23, 0, 0, 23, '69.00', '0.00', 0, '', 0),
(770, 66, 542, 550, 21, 0, 0, 21, '63.00', '0.00', 0, '', 0),
(771, 66, 446, 450, 21, 0, 0, 21, '0.00', '63.00', 0, '', 0),
(772, 66, 376, 389, 27, 0, 0, 27, '81.00', '0.00', 0, '', 0),
(773, 66, 425, 434, 33, 0, 0, 33, '99.00', '0.00', 0, '', 0),
(774, 66, 423, 432, 8, 0, 0, 8, '24.00', '0.00', 0, '', 0),
(775, 66, 414, 424, 16, 0, 0, 16, '48.00', '0.00', 0, '', 0),
(776, 66, 444, 448, 15, 0, 0, 15, '0.00', '45.00', 0, '', 0),
(777, 66, 460, 461, 38, 0, 0, 38, '114.00', '0.00', 0, '', 0),
(778, 66, 407, 417, 6, 0, 0, 6, '0.00', '0.00', 0, '返陈列', 0),
(779, 66, 420, 429, 9, 0, 0, 19, '57.00', '-30.00', 0, '', -10),
(780, 66, 433, 442, 12, 0, 0, 12, '36.00', '0.00', 0, '', 0),
(781, 66, 533, 541, 16, 0, 0, 16, '48.00', '0.00', 0, '', 0),
(782, 67, 374, 357, 46, 0, 0, 35, '335.00', '0.00', 11, '', 0),
(783, 67, 441, 367, 156, 0, 0, 118, '312.00', '0.00', 0, '', 38),
(784, 67, 367, 384, 30, 0, 0, 30, '90.00', '0.00', 0, '', 0),
(785, 67, 362, 379, 17, 0, 0, 17, '51.00', '0.00', 0, '', 0),
(786, 67, 361, 378, 27, 0, 0, 22, '206.00', '0.00', 5, '', 0),
(787, 67, 439, 363, 22, 0, 0, 22, '55.00', '0.00', 0, '', 0),
(788, 68, 360, 377, 17, 0, 0, 17, '48.00', '0.00', 0, '换1', 0),
(789, 68, 371, 356, 35, 0, 0, 35, '0.00', '122.50', 0, '', 0),
(790, 68, 357, 374, 16, 0, 0, 16, '48.00', '0.00', 0, '', 0),
(791, 68, 366, 383, 94, 0, 0, 94, '0.00', '282.00', 0, '', 0),
(792, 68, 379, 360, 71, 0, 0, 71, '177.00', '0.00', 0, '', 0),
(793, 68, 368, 355, 27, 0, 0, 27, '0.00', '94.50', 0, '', 0),
(794, 69, 434, 443, 33, 0, 0, 33, '99.00', '0.00', 0, '', 0),
(795, 69, 435, 444, 21, 0, 0, 21, '63.00', '0.00', 0, '', 0),
(796, 69, 536, 544, 24, 0, 0, 24, '72.00', '0.00', 0, '', 0),
(797, 69, 538, 546, 64, 0, 0, 64, '147.00', '0.00', 0, '', 0),
(798, 69, 436, 445, 10, 0, 0, 10, '30.00', '0.00', 0, '', 0),
(799, 69, 402, 412, 21, 0, 0, 21, '0.00', '63.00', 0, '', 0),
(800, 69, 543, 551, 16, 0, 0, 16, '108.00', '-60.00', 0, '收回8.30欠水20个60元', 0),
(801, 69, 433, 442, 27, 0, 0, 27, '81.00', '0.00', 0, '', 0),
(802, 69, 394, 404, 13, 0, 0, 13, '39.00', '0.00', 0, '', 0),
(803, 69, 393, 403, 29, 0, 0, 29, '87.00', '0.00', 0, '', 0),
(804, 69, 402, 412, 42, 0, 0, 42, '0.00', '126.00', 0, '', 0),
(805, 70, 460, 461, 44, 0, 0, 44, '132.00', '0.00', 0, '', 0),
(806, 70, 376, 389, 37, 0, 0, 37, '111.00', '0.00', 0, '', 0),
(807, 71, 545, 553, 17, 0, 0, 17, '50.00', '0.00', 0, '', 0),
(808, 71, 170, 183, 7, 0, 0, 7, '21.00', '0.00', 0, '', 0),
(809, 71, 121, 64, 13, 0, 0, 13, '39.00', '0.00', 0, '', 0),
(810, 71, 115, 58, 14, 0, 0, 14, '42.00', '0.00', 0, '', 0),
(811, 71, 546, 554, 17, 0, 0, 17, '51.00', '0.00', 0, '', 0),
(812, 71, 134, 77, 16, 0, 0, 16, '48.00', '0.00', 0, '', 0),
(813, 71, 135, 78, 10, 0, 0, 10, '30.00', '0.00', 0, '', 0),
(814, 71, 547, 555, 11, 0, 0, 11, '33.00', '0.00', 0, '', 0),
(815, 71, 143, 156, 17, 0, 0, 17, '51.00', '0.00', 0, '', 0),
(816, 71, 146, 159, 23, 0, 0, 23, '0.00', '69.00', 0, '', 0),
(817, 71, 548, 556, 7, 0, 0, 7, '21.00', '0.00', 0, '', 0),
(818, 71, 144, 157, 24, 0, 0, 24, '69.00', '0.00', 0, '换1', 0),
(819, 71, 91, 36, 9, 0, 0, 9, '27.00', '0.00', 0, '', 0),
(820, 71, 158, 171, 11, 0, 0, 11, '33.00', '0.00', 0, '', 0),
(821, 71, 549, 557, 19, 0, 0, 19, '57.00', '0.00', 0, '', 0),
(822, 71, 159, 172, 5, 0, 0, 5, '15.00', '0.00', 0, '', 0),
(823, 72, 162, 175, 14, 0, 0, 14, '42.00', '0.00', 0, '', 0),
(824, 72, 80, 27, 15, 0, 0, 15, '45.00', '0.00', 0, '', 0),
(825, 72, 550, 558, 35, 0, 0, 35, '102.00', '0.00', 0, '换1', 0),
(826, 72, 81, 28, 21, 0, 0, 21, '63.00', '0.00', 0, '', 0),
(827, 72, 551, 559, 21, 0, 0, 21, '63.00', '0.00', 0, '', 0),
(828, 72, 88, 147, 20, 0, 0, 20, '60.00', '0.00', 0, '', 0),
(829, 72, 108, 51, 49, 0, 0, 49, '147.00', '0.00', 0, '', 0),
(830, 72, 552, 560, 20, 0, 0, 17, '135.00', '0.00', 3, '', 0),
(831, 72, 103, 47, 9, 0, 0, 9, '27.00', '0.00', 0, '', 0),
(832, 72, 105, 48, 11, 0, 0, 11, '33.00', '0.00', 0, '', 0),
(833, 73, 154, 167, 44, 0, 0, 44, '132.00', '0.00', 0, '', 0),
(834, 73, 503, 509, 11, 0, 0, 11, '33.00', '0.00', 0, '', 0),
(835, 73, 553, 561, 12, 0, 0, 12, '36.00', '0.00', 0, '', 0),
(836, 73, 150, 163, 23, 0, 0, 23, '69.00', '0.00', 0, '', 0),
(837, 73, 136, 79, 33, 0, 0, 33, '96.00', '0.00', 0, '换1', 0),
(838, 73, 92, 37, 7, 0, 0, 7, '21.00', '0.00', 0, '', 0),
(839, 73, 127, 70, 12, 0, 0, 12, '36.00', '0.00', 0, '', 0),
(840, 73, 130, 73, 28, 0, 0, 28, '84.00', '0.00', 0, '', 0),
(841, 73, 132, 75, 19, 0, 0, 19, '57.00', '0.00', 0, '', 0),
(842, 73, 554, 562, 5, 0, 0, 5, '15.00', '0.00', 0, '', 0),
(843, 73, 155, 168, 12, 0, 0, 12, '36.00', '0.00', 0, '', 0),
(844, 73, 555, 563, 14, 0, 0, 14, '42.00', '0.00', 0, '', 0),
(845, 74, 160, 173, 19, 0, 0, 19, '57.00', '0.00', 0, '', 0),
(846, 74, 120, 63, 20, 0, 0, 20, '0.00', '60.00', 0, '', 0),
(847, 74, 545, 553, 24, 0, 0, 24, '72.00', '0.00', 0, '', 0),
(848, 74, 139, 152, 29, 0, 0, 29, '87.00', '0.00', 0, '', 0),
(849, 74, 138, 151, 21, 0, 0, 21, '63.00', '0.00', 0, '', 0),
(850, 74, 145, 158, 9, 0, 0, 9, '27.00', '0.00', 0, '', 0),
(851, 74, 134, 77, 21, 0, 0, 21, '63.00', '0.00', 0, '', 0),
(852, 74, 135, 78, 21, 0, 0, 21, '63.00', '0.00', 0, '', 0),
(853, 74, 141, 154, 25, 0, 0, 30, '-50.00', '0.00', -5, '', 0);
INSERT INTO `fn_saler_bill_detail` (`id`, `billId`, `customerId`, `priceId`, `bucketNum`, `drinkNum`, `bottleNum`, `backBucketNum`, `knot`, `debt`, `depositBucket`, `remark`, `debtBucket`) VALUES
(854, 74, 165, 178, 10, 0, 0, 10, '30.00', '0.00', 0, '', 0),
(855, 74, 556, 564, 13, 0, 0, 13, '39.00', '0.00', 0, '', 0),
(856, 74, 159, 172, 6, 0, 0, 6, '18.00', '0.00', 0, '', 0),
(857, 74, 99, 42, 2, 0, 0, 2, '6.00', '0.00', 0, '', 0),
(858, 75, 156, 169, 29, 0, 0, 29, '0.00', '87.00', 0, '', 0),
(859, 75, 557, 565, 11, 0, 0, 11, '33.00', '0.00', 0, '', 0),
(860, 75, 558, 566, 10, 0, 0, 5, '155.00', '0.00', 5, '', 0),
(861, 75, 81, 28, 28, 0, 0, 28, '84.00', '0.00', 0, '', 0),
(862, 75, 559, 567, 54, 0, 0, 54, '162.00', '0.00', 0, '', 0),
(863, 75, 99, 42, 47, 0, 0, 47, '141.00', '0.00', 0, '', 0),
(864, 75, 93, 38, 12, 0, 0, 12, '36.00', '0.00', 0, '', 0),
(865, 75, 130, 73, 29, 0, 0, 29, '87.00', '0.00', 0, '', 0),
(866, 76, 73, 20, 22, 0, 0, 22, '66.00', '0.00', 0, '', 0),
(867, 76, 136, 79, 28, 0, 0, 28, '81.00', '0.00', 0, '换1', 0),
(868, 76, 545, 553, 17, 0, 0, 17, '51.00', '0.00', 0, '', 0),
(869, 76, 134, 77, 16, 0, 0, 16, '48.00', '0.00', 0, '', 0),
(870, 76, 135, 78, 11, 0, 0, 11, '30.00', '0.00', 0, '换1', 0),
(871, 76, 146, 159, 18, 0, 0, 18, '0.00', '54.00', 0, '', 0),
(872, 76, 147, 160, 33, 0, 0, 33, '0.00', '99.00', 0, '', 0),
(873, 76, 560, 568, 31, 0, 0, 37, '-57.00', '0.00', -6, '', 0),
(874, 76, 137, 150, 24, 0, 0, 24, '72.00', '0.00', 0, '', 0),
(875, 76, 561, 569, 19, 0, 0, 19, '57.00', '0.00', 0, '', 0),
(876, 77, 96, 148, 12, 0, 0, 12, '36.00', '0.00', 0, '', 0),
(877, 77, 111, 54, 23, 0, 0, 23, '69.00', '0.00', 0, '', 0),
(878, 77, 131, 74, 8, 0, 0, 8, '24.00', '0.00', 0, '', 0),
(879, 77, 130, 73, 25, 0, 0, 25, '75.00', '0.00', 0, '', 0),
(880, 77, 128, 71, 41, 0, 0, 41, '123.00', '0.00', 0, '', 0),
(881, 77, 562, 570, 12, 0, 0, 12, '36.00', '0.00', 0, '', 0),
(882, 77, 121, 64, 13, 0, 0, 13, '39.00', '0.00', 0, '', 0),
(883, 77, 141, 154, 13, 0, 0, 13, '39.00', '0.00', 0, '', 0),
(884, 77, 142, 155, 11, 0, 0, 11, '33.00', '0.00', 0, '', 0),
(885, 77, 115, 58, 18, 0, 0, 18, '54.00', '0.00', 0, '', 0),
(886, 77, 546, 554, 14, 0, 0, 14, '42.00', '0.00', 0, '', 0),
(887, 77, 163, 176, 18, 0, 0, 13, '179.00', '0.00', 5, '', 0),
(888, 77, 160, 173, 12, 0, 0, 12, '36.00', '0.00', 0, '', 0),
(889, 78, 162, 175, 11, 0, 0, 11, '33.00', '0.00', 0, '', 0),
(890, 78, 469, 470, 219, 0, 0, 239, '0.00', '0.00', 0, '', 0),
(891, 79, 563, 571, 15, 0, 0, 15, '45.00', '0.00', 0, '', 0),
(892, 79, 160, 173, 12, 0, 0, 12, '36.00', '0.00', 0, '', 0),
(893, 79, 545, 553, 17, 0, 0, 17, '51.00', '0.00', 0, '', 0),
(894, 79, 117, 59, 7, 0, 0, 7, '21.00', '0.00', 0, '', 0),
(895, 79, 150, 163, 22, 0, 0, 22, '66.00', '0.00', 0, '', 0),
(896, 79, 151, 164, 15, 0, 0, 15, '45.00', '0.00', 0, '', 0),
(897, 79, 122, 65, 28, 0, 0, 28, '84.00', '0.00', 0, '', 0),
(898, 79, 123, 66, 12, 0, 0, 12, '36.00', '0.00', 0, '', 0),
(899, 79, 95, 40, 10, 0, 0, 10, '30.00', '0.00', 0, '', 0),
(900, 79, 113, 56, 14, 0, 0, 14, '42.00', '0.00', 0, '', 0),
(901, 79, 547, 555, 7, 0, 0, 7, '21.00', '0.00', 0, '', 0),
(902, 79, 134, 77, 15, 0, 0, 15, '45.00', '0.00', 0, '', 0),
(903, 79, 135, 78, 14, 0, 0, 14, '42.00', '0.00', 0, '', 0),
(904, 79, 564, 572, 15, 0, 0, 15, '45.00', '0.00', 0, '', 0),
(905, 79, 158, 171, 10, 0, 0, 10, '30.00', '0.00', 0, '', 0),
(906, 79, 469, 470, 7, 0, 0, 0, '0.00', '0.00', 0, '', 0),
(907, 80, 565, 573, 0, 0, 80, 0, '0.00', '0.00', 0, '提货单80', 0),
(908, 80, 566, 574, 0, 0, 20, 0, '0.00', '0.00', 0, '提货单20', 0),
(909, 80, 567, 575, 0, 0, 40, 0, '400.00', '0.00', 0, '', 0),
(910, 80, 568, 576, 0, 0, 80, 0, '0.00', '0.00', 0, '提货单80', 0),
(911, 81, 339, 342, 12, 0, 0, 12, '36.00', '0.00', 0, '', 0),
(912, 81, 569, 577, 15, 0, 0, 15, '45.00', '0.00', 0, '', 0),
(913, 81, 139, 152, 42, 0, 0, 42, '126.00', '0.00', 0, '', 0),
(914, 81, 136, 79, 25, 0, 0, 25, '75.00', '0.00', 0, '', 0),
(915, 81, 118, 62, 21, 0, 0, 21, '63.00', '0.00', 0, '', 0),
(916, 81, 145, 158, 11, 0, 0, 11, '33.00', '0.00', 0, '', 0),
(917, 81, 141, 154, 20, 0, 0, 20, '60.00', '0.00', 0, '', 0),
(918, 81, 130, 73, 32, 0, 0, 32, '96.00', '0.00', 0, '', 0),
(919, 81, 93, 38, 7, 0, 0, 7, '21.00', '0.00', 0, '', 0),
(920, 81, 137, 150, 9, 0, 0, 9, '27.00', '0.00', 0, '', 0),
(921, 81, 166, 179, 14, 0, 0, 14, '42.00', '0.00', 0, '', 0),
(922, 81, 570, 578, 12, 0, 0, 12, '36.00', '0.00', 0, '', 0),
(923, 82, 105, 48, 29, 0, 0, 29, '87.00', '0.00', 0, '', 0),
(924, 82, 99, 42, 47, 0, 0, 47, '140.00', '0.00', 0, '', 0),
(925, 82, 76, 23, 29, 0, 0, 29, '87.00', '0.00', 0, '', 0),
(926, 82, 551, 559, 30, 0, 0, 30, '90.00', '0.00', 0, '', 0),
(927, 82, 545, 553, 26, 0, 0, 26, '78.00', '0.00', 0, '', 0),
(928, 82, 135, 78, 19, 0, 0, 19, '57.00', '0.00', 0, '', 0),
(929, 82, 134, 77, 18, 0, 0, 18, '54.00', '0.00', 0, '', 0),
(930, 82, 141, 154, 14, 0, 0, 14, '42.00', '0.00', 0, '', 0),
(931, 82, 140, 153, 8, 0, 0, 8, '24.00', '0.00', 0, '', 0),
(932, 83, 149, 162, 26, 0, 0, 26, '78.00', '0.00', 0, '', 0),
(933, 83, 135, 78, 17, 0, 0, 17, '51.00', '0.00', 0, '', 0),
(934, 83, 115, 58, 22, 0, 0, 22, '66.00', '0.00', 0, '', 0),
(935, 83, 546, 554, 15, 0, 0, 15, '45.00', '0.00', 0, '', 0),
(936, 83, 146, 159, 21, 0, 0, 21, '0.00', '63.00', 0, '', 0),
(937, 83, 148, 161, 38, 0, 0, 38, '0.00', '114.00', 0, '', 0),
(938, 83, 124, 67, 20, 0, 0, 20, '60.00', '0.00', 0, '', 0),
(939, 83, 130, 73, 23, 0, 0, 23, '69.00', '0.00', 0, '', 0),
(940, 83, 140, 153, 19, 0, 0, 19, '54.00', '0.00', 0, '换1', 0),
(941, 83, 571, 579, 10, 0, 0, 10, '30.00', '0.00', 0, '', 0),
(942, 83, 138, 151, 9, 0, 0, 9, '27.00', '0.00', 0, '', 0),
(943, 84, 156, 169, 30, 0, 0, 30, '0.00', '90.00', 0, '', 0),
(944, 84, 160, 173, 28, 0, 0, 28, '81.00', '0.00', 0, '换1', 0),
(945, 84, 120, 63, 24, 0, 0, 24, '0.00', '72.00', 0, '', 0),
(946, 84, 572, 580, 4, 0, 0, 4, '12.00', '0.00', 0, '', 0),
(947, 84, 165, 178, 18, 0, 0, 18, '51.00', '0.00', 0, '1换', 0),
(948, 84, 150, 163, 24, 0, 0, 24, '72.00', '0.00', 0, '', 0),
(949, 84, 121, 64, 14, 0, 0, 14, '42.00', '0.00', 0, '', 0),
(950, 84, 145, 158, 12, 0, 0, 12, '36.00', '0.00', 0, '', 0),
(951, 84, 136, 79, 27, 0, 0, 27, '81.00', '0.00', 0, '', 0),
(952, 84, 138, 151, 19, 0, 0, 19, '57.00', '0.00', 0, '', 0),
(953, 84, 556, 564, 20, 0, 0, 18, '110.00', '0.00', 2, '', 0),
(954, 85, 153, 166, 18, 0, 0, 18, '54.00', '0.00', 0, '', 0),
(955, 85, 545, 553, 17, 0, 0, 17, '51.00', '0.00', 0, '', 0),
(956, 85, 571, 579, 13, 0, 0, 13, '39.00', '0.00', 0, '', 0),
(957, 85, 170, 183, 10, 0, 0, 10, '30.00', '0.00', 0, '', 0),
(958, 85, 572, 580, 7, 0, 0, 7, '21.00', '0.00', 0, '', 0),
(959, 85, 147, 160, 35, 0, 0, 35, '0.00', '105.00', 0, '', 0),
(960, 85, 141, 154, 10, 0, 0, 10, '30.00', '0.00', 0, '', 0),
(961, 85, 573, 581, 26, 0, 0, 26, '78.00', '0.00', 0, '', 0),
(962, 85, 469, 470, 84, 0, 0, 49, '0.00', '0.00', 0, '', 0),
(963, 86, 469, 470, 130, 0, 0, 46, '0.00', '0.00', 0, '', 0),
(964, 86, 162, 175, 15, 0, 0, 12, '120.00', '0.00', 3, '', 0),
(965, 86, 93, 38, 8, 0, 0, 8, '24.00', '0.00', 0, '', 0),
(966, 86, 131, 74, 12, 0, 0, 12, '36.00', '0.00', 0, '', 0),
(967, 86, 130, 73, 29, 0, 0, 29, '87.00', '0.00', 0, '', 0),
(968, 86, 562, 570, 14, 0, 0, 12, '92.00', '0.00', 2, '', 0),
(969, 86, 129, 72, 14, 0, 0, 14, '42.00', '0.00', 0, '', 0),
(970, 86, 159, 172, 8, 0, 0, 8, '24.00', '0.00', 0, '', 0),
(971, 87, 160, 173, 12, 0, 0, 12, '33.00', '0.00', 0, '1换\r\n', 0),
(972, 87, 552, 560, 17, 0, 0, 17, '51.00', '0.00', 0, '', 0),
(973, 87, 551, 559, 11, 0, 0, 11, '33.00', '0.00', 0, '', 0),
(974, 87, 83, 30, 34, 0, 0, 34, '102.00', '0.00', 0, '', 0),
(975, 87, 80, 27, 20, 0, 0, 22, '10.00', '0.00', -2, '', 0),
(976, 87, 550, 558, 29, 0, 0, 29, '87.00', '0.00', 0, '', 0),
(977, 87, 559, 567, 38, 0, 0, 38, '114.00', '0.00', 0, '', 0),
(978, 87, 161, 174, 21, 0, 0, 21, '63.00', '0.00', 0, '', 0),
(979, 87, 134, 77, 16, 0, 0, 16, '45.00', '0.00', 0, '送1', 0),
(980, 87, 163, 176, 10, 0, 0, 10, '30.00', '0.00', 0, '', 0),
(981, 87, 135, 78, 12, 0, 0, 12, '36.00', '0.00', 0, '', 0),
(982, 88, 469, 470, 220, 0, 0, 76, '0.00', '0.00', 0, '其中2碎', 0),
(983, 89, 155, 168, 17, 0, 0, 17, '51.00', '0.00', 0, '', 0),
(984, 89, 98, 149, 26, 0, 0, 26, '78.00', '0.00', 0, '', 0),
(985, 89, 99, 42, 36, 0, 0, 36, '108.00', '0.00', 0, '', 0),
(986, 89, 130, 73, 20, 0, 0, 20, '60.00', '0.00', 0, '', 0),
(987, 89, 141, 154, 18, 0, 0, 18, '54.00', '0.00', 0, '', 0),
(988, 89, 142, 155, 12, 0, 0, 13, '11.00', '0.00', -1, '', 0),
(989, 89, 545, 553, 17, 0, 0, 17, '51.00', '0.00', 0, '', 0),
(990, 89, 136, 79, 26, 0, 0, 26, '78.00', '0.00', 0, '', 0),
(991, 89, 137, 150, 22, 0, 0, 22, '66.00', '0.00', 0, '', 0),
(992, 89, 139, 152, 36, 0, 0, 36, '108.00', '0.00', 0, '', 0),
(993, 89, 158, 171, 18, 0, 0, 18, '54.00', '0.00', 0, '', 0),
(994, 89, 154, 167, 3, 0, 0, 3, '9.00', '0.00', 0, '', 0),
(995, 89, 574, 582, 0, 0, 0, 0, '60.00', '0.00', 0, '发票税\r\n', 0),
(996, 90, 550, 558, 40, 0, 0, 40, '117.00', '0.00', 0, '1换\r\n\r\n\r\n', 0),
(997, 90, 108, 51, 39, 0, 0, 39, '117.00', '0.00', 0, '', 0),
(998, 90, 575, 583, 23, 0, 0, 23, '69.00', '0.00', 0, '', 0),
(999, 90, 103, 47, 13, 0, 0, 13, '39.00', '0.00', 0, '', 0),
(1000, 90, 93, 38, 10, 0, 0, 6, '130.00', '0.00', 4, '', 0),
(1001, 90, 113, 56, 15, 0, 0, 15, '45.00', '0.00', 0, '', 0),
(1002, 90, 571, 579, 8, 0, 0, 8, '24.00', '0.00', 0, '', 0),
(1003, 90, 545, 553, 8, 0, 0, 8, '24.00', '0.00', 0, '', 0),
(1004, 90, 164, 177, 11, 0, 0, 11, '33.00', '0.00', 0, '', 0),
(1005, 90, 144, 157, 17, 0, 0, 17, '51.00', '0.00', 0, '', 0),
(1006, 90, 118, 62, 15, 0, 0, 15, '45.00', '0.00', 0, '', 0),
(1007, 90, 160, 173, 11, 0, 0, 11, '33.00', '0.00', 0, '', 0),
(1008, 90, 158, 171, 10, 0, 0, 10, '30.00', '0.00', 0, '', 0),
(1009, 91, 150, 163, 20, 0, 0, 20, '60.00', '0.00', 0, '', 0),
(1010, 91, 146, 159, 35, 0, 0, 35, '0.00', '105.00', 0, '', 0),
(1011, 91, 469, 470, 165, 0, 0, 109, '0.00', '0.00', 0, '', 0),
(1012, 92, 77, 24, 21, 0, 0, 21, '63.00', '0.00', 0, '', 0),
(1013, 92, 94, 39, 10, 0, 0, 10, '30.00', '0.00', 0, '', 0),
(1014, 92, 131, 74, 14, 0, 0, 11, '117.00', '0.00', 3, '', 0),
(1015, 92, 130, 73, 26, 0, 0, 26, '78.00', '0.00', 0, '', 0),
(1016, 92, 128, 71, 34, 0, 0, 34, '102.00', '0.00', 0, '', 0),
(1017, 92, 115, 58, 20, 0, 0, 20, '60.00', '0.00', 0, '', 0),
(1018, 92, 546, 554, 15, 0, 0, 15, '45.00', '0.00', 0, '', 0),
(1019, 92, 547, 555, 9, 0, 0, 9, '27.00', '0.00', 0, '', 0),
(1020, 92, 141, 154, 16, 0, 0, 16, '48.00', '0.00', 0, '', 0),
(1021, 92, 136, 79, 23, 0, 0, 23, '66.00', '0.00', 0, '1换', 0),
(1022, 92, 138, 151, 20, 0, 0, 20, '60.00', '0.00', 0, '', 0),
(1023, 92, 140, 153, 12, 0, 0, 12, '36.00', '0.00', 0, '', 0),
(1024, 93, 469, 470, 141, 0, 0, 72, '0.00', '0.00', 0, '', 0),
(1025, 93, 147, 160, 27, 0, 0, 27, '0.00', '81.00', 0, '', 0),
(1026, 93, 135, 78, 23, 0, 0, 22, '94.00', '0.00', 1, '', 0),
(1027, 93, 376, 389, 0, 0, 50, 0, '0.00', '0.00', 0, '提货单50', 0),
(1028, 93, 576, 584, 0, 0, 60, 0, '0.00', '0.00', 0, '提货单60', 0),
(1029, 94, 156, 169, 30, 0, 0, 30, '0.00', '90.00', 0, '', 0),
(1030, 94, 160, 173, 22, 0, 0, 22, '66.00', '0.00', 0, '', 0),
(1031, 94, 120, 63, 22, 0, 0, 22, '0.00', '66.00', 0, '', 0),
(1032, 94, 572, 63, 2, 0, 0, 2, '6.00', '0.00', 0, '', 0),
(1033, 94, 545, 553, 18, 0, 0, 18, '54.00', '0.00', 0, '', 0),
(1034, 94, 92, 37, 18, 0, 0, 18, '54.00', '0.00', 0, '', 0),
(1035, 94, 122, 65, 24, 0, 0, 24, '72.00', '0.00', 0, '', 0),
(1036, 94, 96, 148, 15, 0, 0, 15, '45.00', '0.00', 0, '', 0),
(1037, 94, 111, 54, 28, 0, 0, 28, '84.00', '0.00', 0, '', 0),
(1038, 94, 130, 73, 23, 0, 0, 22, '94.00', '0.00', 1, '', 0),
(1039, 94, 574, 582, 18, 0, 0, 18, '54.00', '0.00', 0, '', 0),
(1040, 95, 469, 470, 230, 0, 0, 280, '0.00', '0.00', 0, '', 0),
(1041, 96, 559, 567, 47, 0, 0, 47, '141.00', '0.00', 0, '', 0),
(1042, 96, 76, 23, 23, 0, 0, 23, '69.00', '0.00', 0, '', 0),
(1043, 96, 99, 42, 43, 0, 0, 43, '129.00', '0.00', 0, '', 0),
(1044, 96, 90, 35, 21, 0, 0, 21, '63.00', '0.00', 0, '', 0),
(1045, 96, 151, 164, 17, 0, 0, 17, '51.00', '0.00', 0, '', 0),
(1046, 96, 117, 59, 10, 0, 0, 10, '30.00', '0.00', 0, '', 0),
(1047, 96, 145, 158, 15, 0, 0, 15, '45.00', '0.00', 0, '', 0),
(1048, 96, 143, 156, 20, 0, 0, 20, '60.00', '0.00', 0, '', 0),
(1049, 96, 148, 161, 34, 0, 0, 34, '0.00', '102.00', 0, '', 0),
(1050, 97, 165, 178, 15, 0, 0, 15, '45.00', '0.00', 0, '', 0),
(1051, 97, 545, 553, 14, 0, 0, 14, '42.00', '0.00', 0, '', 0),
(1052, 97, 149, 162, 24, 0, 0, 24, '72.00', '0.00', 0, '', 0),
(1053, 97, 150, 163, 22, 0, 0, 22, '66.00', '0.00', 0, '', 0),
(1054, 97, 121, 64, 16, 0, 0, 16, '48.00', '0.00', 0, '', 0),
(1055, 97, 93, 38, 15, 0, 0, 11, '145.00', '0.00', 4, '', 0),
(1056, 97, 81, 28, 25, 0, 0, 25, '75.00', '0.00', 0, '', 0),
(1057, 97, 551, 559, 32, 0, 0, 32, '96.00', '0.00', 0, '', 0),
(1058, 97, 551, 559, 25, 0, 0, 25, '75.00', '0.00', 0, '', 0),
(1059, 97, 88, 147, 32, 0, 0, 27, '221.00', '0.00', 5, '', 0),
(1060, 98, 139, 152, 40, 0, 0, 40, '117.00', '0.00', 0, '1换', 0),
(1061, 98, 136, 79, 34, 0, 0, 34, '102.00', '0.00', 0, '', 0),
(1062, 98, 141, 154, 16, 0, 0, 16, '48.00', '0.00', 0, '', 0),
(1063, 98, 130, 73, 25, 0, 0, 25, '75.00', '0.00', 0, '', 0),
(1064, 98, 102, 45, 22, 0, 0, 22, '66.00', '0.00', 0, '', 0),
(1065, 98, 146, 159, 4, 0, 0, 24, '0.00', '12.00', 0, '', -20),
(1066, 98, 548, 556, 6, 0, 0, 6, '18.00', '0.00', 0, '', 0),
(1067, 98, 142, 155, 10, 0, 0, 10, '30.00', '0.00', 0, '', 0),
(1068, 98, 545, 553, 15, 0, 0, 15, '45.00', '0.00', 0, '', 0),
(1069, 98, 113, 56, 15, 0, 0, 15, '45.00', '0.00', 0, '', 0),
(1070, 98, 163, 176, 18, 0, 0, 18, '54.00', '0.00', 0, '', 0),
(1071, 98, 162, 175, 16, 0, 0, 16, '48.00', '0.00', 0, '', 0),
(1072, 98, 159, 172, 9, 0, 0, 9, '27.00', '0.00', 0, '', 0),
(1073, 99, 159, 172, 10, 0, 0, 10, '30.00', '0.00', 0, '', 0),
(1074, 99, 561, 569, 12, 0, 0, 12, '0.00', '36.00', 0, '', 0),
(1075, 99, 158, 171, 12, 0, 0, 12, '36.00', '0.00', 0, '', 0),
(1076, 99, 160, 173, 21, 0, 0, 21, '63.00', '0.00', 0, '', 0),
(1077, 99, 115, 58, 11, 0, 0, 11, '33.00', '0.00', 0, '', 0),
(1078, 99, 546, 554, 18, 0, 0, 18, '54.00', '0.00', 0, '', 0),
(1079, 99, 137, 150, 26, 0, 0, 26, '78.00', '0.00', 0, '', 0),
(1080, 99, 124, 67, 20, 0, 0, 20, '60.00', '0.00', 0, '', 0),
(1081, 99, 127, 70, 11, 0, 0, 11, '33.00', '0.00', 0, '', 0),
(1082, 99, 128, 71, 7, 0, 0, 7, '21.00', '0.00', 0, '', 0),
(1083, 99, 105, 48, 16, 0, 0, 16, '48.00', '0.00', 0, '', 0),
(1084, 99, 130, 73, 30, 0, 0, 21, '315.00', '0.00', 9, '', 0),
(1085, 99, 577, 585, 10, 0, 0, 10, '30.00', '0.00', 0, '', 0),
(1086, 99, 545, 553, 16, 0, 0, 14, '98.00', '0.00', 2, '', 0),
(1087, 100, 73, 20, 7, 0, 0, 7, '21.00', '0.00', 0, '', 0),
(1088, 100, 469, 470, 223, 0, 0, 217, '0.00', '0.00', 0, '', 0),
(1089, 101, 81, 28, 25, 0, 0, 25, '75.00', '0.00', 0, '', 0),
(1090, 101, 559, 567, 14, 0, 0, 14, '39.00', '0.00', 0, '1换', 0),
(1091, 101, 578, 586, 14, 0, 0, 14, '42.00', '0.00', 0, '', 0),
(1092, 101, 550, 558, 38, 0, 0, 38, '114.00', '0.00', 0, '', 0),
(1093, 101, 80, 27, 16, 0, 0, 16, '48.00', '0.00', 0, '', 0),
(1094, 101, 82, 29, 27, 0, 0, 27, '81.00', '0.00', 0, '', 0),
(1095, 101, 579, 587, 25, 0, 0, 27, '25.00', '0.00', -2, '', 0),
(1096, 101, 552, 560, 16, 0, 0, 16, '48.00', '0.00', 0, '', 0),
(1097, 101, 106, 49, 16, 0, 0, 16, '48.00', '0.00', 0, '', 0),
(1098, 101, 580, 588, 20, 0, 0, 20, '60.00', '0.00', 0, '', 0),
(1099, 102, 138, 151, 24, 0, 0, 24, '72.00', '0.00', 0, '', 0),
(1100, 102, 166, 179, 10, 0, 0, 10, '30.00', '0.00', 0, '', 0),
(1101, 102, 571, 579, 18, 0, 0, 18, '54.00', '0.00', 0, '', 0),
(1102, 102, 545, 553, 18, 0, 0, 18, '54.00', '0.00', 0, '', 0),
(1103, 102, 171, 184, 12, 0, 0, 12, '36.00', '0.00', 0, '', 0),
(1104, 102, 141, 154, 15, 0, 0, 15, '45.00', '0.00', 0, '', 0),
(1105, 102, 134, 77, 6, 0, 0, 6, '18.00', '0.00', 0, '', 0),
(1106, 102, 130, 73, 16, 0, 0, 16, '48.00', '0.00', 0, '', 0),
(1107, 102, 131, 74, 12, 0, 0, 12, '36.00', '0.00', 0, '', 0),
(1108, 102, 554, 562, 7, 0, 0, 7, '21.00', '0.00', 0, '', 0),
(1109, 102, 170, 183, 9, 0, 0, 9, '27.00', '0.00', 0, '', 0),
(1110, 102, 160, 173, 13, 0, 0, 13, '36.00', '0.00', 0, '1换', 0),
(1111, 103, 556, 564, 21, 0, 0, 21, '63.00', '0.00', 0, '', 0),
(1112, 103, 136, 79, 33, 0, 0, 33, '99.00', '0.00', 0, '', 0),
(1113, 103, 145, 158, 16, 0, 0, 16, '48.00', '0.00', 0, '', 0),
(1114, 103, 150, 163, 28, 0, 0, 28, '84.00', '0.00', 0, '', 0),
(1115, 103, 121, 64, 12, 0, 0, 12, '36.00', '0.00', 0, '', 0),
(1116, 103, 114, 57, 9, 0, 0, 9, '27.00', '0.00', 0, '', 0),
(1117, 103, 144, 157, 22, 0, 0, 22, '66.00', '0.00', 0, '', 0),
(1118, 103, 147, 160, 28, 0, 0, 28, '0.00', '84.00', 0, '', 0),
(1119, 103, 123, 66, 19, 0, 0, 17, '107.00', '0.00', 2, '', 0),
(1120, 103, 570, 578, 13, 0, 0, 13, '39.00', '0.00', 0, '', 0),
(1121, 103, 93, 38, 10, 0, 0, 10, '30.00', '0.00', 0, '', 0),
(1122, 104, 469, 470, 230, 0, 0, 241, '0.00', '0.00', 0, '', 0),
(1123, 105, 99, 42, 62, 0, 0, 62, '186.00', '0.00', 0, '', 0),
(1124, 105, 100, 43, 20, 0, 0, 20, '60.00', '0.00', 0, '', 0),
(1125, 105, 575, 583, 22, 0, 0, 22, '66.00', '0.00', 0, '', 0),
(1126, 105, 156, 169, 33, 0, 0, 33, '0.00', '99.00', 0, '', 0),
(1127, 105, 572, 580, 4, 0, 0, 4, '12.00', '0.00', 0, '', 0),
(1128, 105, 120, 63, 19, 0, 0, 19, '0.00', '57.00', 0, '', 0),
(1129, 105, 572, 580, 2, 0, 0, 2, '6.00', '0.00', 0, '', 0),
(1130, 105, 581, 589, 15, 0, 0, 1, '395.00', '0.00', 14, '', 0),
(1131, 105, 146, 159, 22, 0, 0, 22, '0.00', '66.00', 0, '', 0),
(1132, 105, 572, 580, 6, 0, 0, 6, '18.00', '0.00', 0, '', 0),
(1133, 105, 89, 34, 10, 0, 0, 10, '30.00', '0.00', 0, '', 0),
(1134, 105, 141, 154, 15, 0, 0, 15, '45.00', '0.00', 0, '', 0),
(1135, 106, 469, 470, 211, 0, 0, 0, '0.00', '0.00', 0, '', 0),
(1136, 106, 582, 590, 0, 0, 100, 0, '900.00', '0.00', 0, '', 0),
(1137, 107, 153, 166, 16, 0, 0, 17, '23.00', '0.00', -1, '', 0),
(1138, 107, 155, 168, 16, 0, 0, 16, '48.00', '0.00', 0, '', 0),
(1139, 107, 160, 173, 18, 0, 0, 18, '54.00', '0.00', 0, '', 0),
(1140, 107, 139, 152, 39, 0, 0, 39, '114.00', '0.00', 0, '1换', 0),
(1141, 107, 545, 553, 13, 0, 0, 13, '39.00', '0.00', 0, '', 0),
(1142, 107, 135, 78, 20, 0, 0, 20, '60.00', '0.00', 0, '', 0),
(1143, 107, 130, 73, 37, 0, 0, 37, '111.00', '0.00', 0, '', 0),
(1144, 107, 573, 581, 23, 0, 0, 23, '69.00', '0.00', 0, '', 0),
(1145, 107, 552, 560, 14, 0, 0, 14, '42.00', '0.00', 0, '', 0),
(1146, 107, 77, 24, 21, 0, 0, 23, '13.00', '0.00', -2, '', 0),
(1147, 107, 134, 77, 13, 0, 0, 13, '39.00', '0.00', 0, '', 0),
(1148, 107, 133, 76, 0, 0, 0, 0, '100.00', '-100.00', 0, '收回8.10号欠20桶100元', 0),
(1149, 108, 469, 470, 0, 0, 0, 47, '0.00', '0.00', 0, '', 0),
(1150, 108, 583, 592, 0, 0, 111, 0, '1000.00', '0.00', 0, '', 0),
(1151, 108, 584, 591, 0, 0, 111, 0, '1000.00', '0.00', 0, '', 0),
(1152, 109, 558, 566, 8, 0, 0, 8, '24.00', '0.00', 0, '', 0),
(1153, 109, 545, 553, 18, 0, 0, 18, '54.00', '0.00', 0, '', 0),
(1154, 109, 145, 158, 10, 0, 0, 10, '30.00', '0.00', 0, '', 0),
(1155, 109, 118, 62, 21, 0, 0, 21, '63.00', '0.00', 0, '', 0),
(1156, 109, 91, 36, 12, 0, 0, 12, '36.00', '0.00', 0, '', 0),
(1157, 109, 148, 161, 24, 0, 0, 24, '0.00', '72.00', 0, '', 0),
(1158, 109, 574, 582, 18, 0, 0, 18, '54.00', '0.00', 0, '', 0),
(1159, 109, 141, 154, 15, 0, 0, 15, '45.00', '0.00', 0, '', 0),
(1160, 109, 136, 79, 33, 0, 0, 33, '99.00', '0.00', 0, '', 0),
(1161, 109, 562, 570, 13, 0, 0, 13, '39.00', '0.00', 0, '', 0),
(1162, 109, 85, 31, 18, 0, 0, 18, '54.00', '0.00', 0, '', 0),
(1163, 109, 551, 559, 21, 0, 0, 21, '63.00', '0.00', 0, '', 0),
(1164, 110, 154, 167, 53, 0, 0, 53, '159.00', '0.00', 0, '', 0),
(1165, 110, 96, 148, 15, 0, 0, 11, '145.00', '0.00', 4, '', 0),
(1166, 110, 130, 73, 25, 0, 0, 25, '75.00', '0.00', 0, '', 0),
(1167, 110, 129, 72, 11, 0, 0, 11, '33.00', '0.00', 0, '', 0),
(1168, 110, 137, 150, 23, 0, 0, 23, '69.00', '0.00', 0, '', 0),
(1169, 110, 138, 151, 18, 0, 0, 18, '54.00', '0.00', 0, '', 0),
(1170, 110, 140, 153, 19, 0, 0, 19, '57.00', '0.00', 0, '', 0),
(1171, 110, 162, 175, 15, 0, 0, 15, '45.00', '0.00', 0, '', 0),
(1172, 110, 150, 163, 20, 0, 0, 20, '60.00', '0.00', 0, '', 0),
(1173, 110, 561, 569, 12, 0, 0, 12, '0.00', '36.00', 0, '', 0),
(1174, 111, 339, 342, 10, 0, 0, 10, '30.00', '0.00', 0, '', 0),
(1175, 111, 160, 173, 18, 0, 0, 18, '54.00', '0.00', 0, '', 0),
(1176, 111, 545, 553, 17, 0, 0, 17, '51.00', '0.00', 0, '', 0),
(1177, 111, 546, 554, 15, 0, 0, 15, '45.00', '0.00', 0, '', 0),
(1178, 111, 115, 58, 18, 0, 0, 18, '51.00', '0.00', 0, '1换', 0),
(1179, 111, 149, 162, 24, 0, 0, 24, '72.00', '0.00', 0, '', 0),
(1180, 111, 134, 77, 8, 0, 0, 8, '24.00', '0.00', 0, '', 0),
(1181, 111, 135, 78, 17, 0, 0, 19, '1.00', '0.00', -2, '', 0),
(1182, 111, 142, 155, 9, 0, 0, 9, '27.00', '0.00', 0, '', 0),
(1183, 111, 146, 159, 10, 0, 0, 10, '0.00', '30.00', 0, '', 0),
(1184, 111, 165, 178, 16, 0, 0, 16, '48.00', '0.00', 0, '', 0),
(1185, 111, 556, 564, 14, 0, 0, 16, '-8.00', '0.00', -2, '', 0),
(1186, 111, 571, 579, 10, 0, 0, 10, '30.00', '0.00', 0, '', 0),
(1187, 111, 585, 594, 7, 0, 0, 7, '21.00', '0.00', 0, '', 0),
(1188, 111, 131, 74, 13, 0, 0, 13, '39.00', '0.00', 0, '', 0),
(1189, 111, 132, 75, 5, 0, 0, 5, '15.00', '0.00', 0, '', 0),
(1191, 3, 11, 8, 13, 0, 0, 13, '32.00', '0.00', 0, '', 0),
(1192, 3, 12, 7, 27, 0, 0, 23, '154.00', '0.00', 4, '', 0),
(1193, 3, 14, 5, 21, 0, 0, 21, '58.00', '0.00', 0, '', 0),
(1194, 3, 19, 18, 17, 0, 0, 17, '0.00', '42.00', 0, '', 0),
(1195, 3, 21, 96, 49, 0, 0, 49, '0.00', '147.00', 0, '', 0),
(1196, 3, 25, 94, 16, 0, 0, 16, '48.00', '0.00', 0, '', 0),
(1197, 3, 36, 109, 45, 0, 0, 31, '440.00', '0.00', 14, '', 0),
(1198, 3, 45, 118, 18, 0, 0, 18, '34.00', '0.00', 0, '1换', 0),
(1199, 112, 9, 10, 11, 0, 0, 11, '22.00', '0.00', 0, '', 0),
(1200, 112, 37, 597, 18, 0, 0, 18, '45.00', '0.00', 0, '', 0),
(1201, 112, 45, 595, 56, 0, 0, 56, '112.00', '0.00', 0, '', 0),
(1202, 112, 46, 598, 35, 0, 0, 35, '70.00', '0.00', 0, '', 0),
(1203, 112, 47, 120, 11, 0, 0, 11, '27.00', '0.00', 0, '', 0),
(1204, 112, 47, 599, 9, 0, 0, 9, '22.00', '0.00', 0, '', 0),
(1205, 112, 53, 126, 10, 0, 0, 10, '30.00', '0.00', 0, '', 0),
(1206, 112, 587, 600, 24, 0, 0, 24, '72.00', '0.00', 0, '', 0),
(1207, 112, 33, 106, 29, 0, 0, 29, '87.00', '0.00', 0, '', 0),
(1208, 112, 588, 601, 10, 0, 0, 10, '27.00', '0.00', 0, '1换', 0),
(1209, 112, 68, 141, 7, 0, 0, 7, '21.00', '0.00', 0, '', 0),
(1210, 112, 71, 144, 10, 0, 0, 10, '20.00', '0.00', 0, '', 0),
(1211, 113, 589, 602, 220, 0, 0, 229, '0.00', '660.00', 0, '', 0),
(1212, 114, 590, 603, 21, 0, 0, 21, '46.00', '0.00', 0, '', 0),
(1213, 114, 591, 604, 7, 0, 0, 7, '21.00', '0.00', 0, '', 0),
(1214, 114, 19, 18, 24, 0, 0, 24, '0.00', '60.00', 0, '', 0),
(1215, 114, 22, 97, 21, 0, 0, 21, '52.00', '0.00', 0, '', 0),
(1216, 114, 30, 103, 31, 0, 0, 31, '93.00', '0.00', 0, '', 0),
(1217, 114, 32, 105, 11, 0, 0, 11, '33.00', '0.00', 0, '', 0),
(1218, 114, 21, 96, 47, 0, 0, 47, '0.00', '0.00', 0, '', 141),
(1219, 114, 24, 99, 13, 0, 0, 13, '39.00', '0.00', 0, '', 0),
(1220, 114, 23, 98, 25, 0, 0, 25, '62.00', '0.00', 0, '', 0),
(1221, 115, 61, 134, 220, 0, 0, 196, '500.00', '0.00', 0, '', 24),
(1222, 116, 18, 17, 80, 0, 0, 80, '160.00', '0.00', 0, '', 0),
(1223, 116, 29, 102, 105, 0, 0, 130, '-310.00', '0.00', -25, '', 0),
(1224, 116, 4, 4, 26, 0, 0, 26, '52.00', '0.00', 0, '', 0),
(1225, 117, 19, 18, 21, 0, 0, 21, '0.00', '52.50', 0, '', 0),
(1226, 117, 21, 96, 49, 0, 0, 49, '0.00', '147.00', 0, '', 0),
(1227, 117, 45, 595, 18, 0, 0, 18, '36.00', '0.00', 0, '', 0),
(1228, 117, 63, 136, 19, 0, 0, 19, '47.00', '0.00', 0, '', 0),
(1229, 117, 55, 128, 15, 0, 0, 15, '45.00', '0.00', 0, '', 0),
(1230, 117, 51, 124, 23, 0, 0, 23, '57.00', '0.00', 0, '', 0),
(1231, 117, 592, 606, 34, 0, 0, 34, '102.00', '0.00', 0, '', 0),
(1232, 118, 470, 507, 240, 0, 0, 300, '0.00', '0.00', 0, '', 0),
(1233, 120, 11, 8, 12, 0, 0, 12, '30.00', '0.00', 0, '', 0),
(1234, 120, 19, 18, 20, 0, 0, 20, '0.00', '50.00', 0, '', 0),
(1235, 120, 21, 96, 45, 0, 0, 45, '0.00', '135.00', 0, '', 0),
(1236, 120, 37, 597, 15, 0, 0, 15, '37.00', '0.00', 0, '', 0),
(1237, 120, 593, 607, 16, 0, 0, 16, '42.00', '0.00', 0, '', 0),
(1238, 120, 48, 121, 40, 0, 0, 40, '100.00', '0.00', 0, '', 0),
(1239, 120, 46, 598, 37, 0, 0, 37, '74.00', '0.00', 0, '', 0),
(1240, 120, 45, 595, 23, 0, 0, 23, '44.00', '0.00', 0, '换1', 0),
(1241, 120, 594, 608, 3, 0, 0, 3, '9.00', '0.00', 0, '', 0),
(1242, 121, 61, 134, 220, 0, 0, 207, '0.00', '500.00', 0, '', 13),
(1243, 122, 42, 115, 154, 0, 0, 154, '539.00', '0.00', 0, '', 0),
(1244, 122, 43, 116, 11, 0, 0, 11, '38.00', '0.00', 0, '', 0),
(1245, 122, 44, 117, 27, 0, 0, 27, '80.00', '0.00', 0, '', 0),
(1246, 122, 47, 120, 10, 0, 0, 11, '25.00', '0.00', -1, '', 0),
(1247, 122, 36, 596, 28, 0, 0, 28, '56.00', '0.00', 0, '', 0),
(1248, 123, 19, 18, 21, 0, 0, 21, '0.00', '52.50', 0, '', 0),
(1249, 123, 21, 96, 62, 0, 0, 62, '0.00', '186.00', 0, '', 0),
(1250, 123, 27, 100, 20, 0, 0, 20, '60.00', '0.00', 0, '', 0),
(1251, 123, 10, 9, 28, 0, 0, 28, '56.00', '0.00', 0, '', 0),
(1252, 123, 30, 103, 34, 0, 0, 34, '102.00', '0.00', 0, '', 0),
(1253, 123, 22, 97, 16, 0, 0, 16, '40.00', '0.00', 0, '', 0),
(1254, 123, 7, 12, 11, 0, 0, 11, '33.00', '0.00', 0, '', 0),
(1255, 124, 16, 15, 28, 0, 0, 28, '46.00', '0.00', 0, '送5桶水\r\n', 0),
(1256, 124, 17, 14, 26, 0, 0, 26, '52.00', '0.00', 0, '', 0),
(1257, 124, 68, 141, 10, 0, 0, 10, '30.00', '0.00', 0, '', 0),
(1258, 124, 50, 123, 41, 0, 0, 41, '102.00', '0.00', 0, '', 0),
(1259, 124, 45, 595, 49, 0, 0, 49, '98.00', '0.00', 0, '', 0),
(1260, 124, 47, 120, 18, 0, 0, 38, '104.00', '0.00', 0, '', -20),
(1261, 124, 52, 125, 16, 0, 0, 6, '298.00', '0.00', 10, '', 0),
(1262, 124, 53, 126, 8, 0, 0, 8, '24.00', '0.00', 0, '', 0),
(1263, 124, 54, 127, 14, 0, 0, 14, '42.00', '0.00', 0, '', 0),
(1264, 124, 56, 129, 10, 0, 0, 10, '30.00', '0.00', 0, '', 0),
(1265, 125, 19, 18, 31, 0, 0, 21, '0.00', '77.00', 0, '', 10),
(1266, 125, 21, 96, 56, 0, 0, 56, '0.00', '168.00', 0, '', 0),
(1267, 125, 14, 5, 19, 0, 0, 19, '53.00', '0.00', 0, '', 0),
(1268, 125, 13, 6, 14, 0, 0, 14, '35.00', '0.00', 0, '', 0),
(1269, 126, 58, 131, 23, 0, 0, 23, '57.00', '0.00', 0, '', 0),
(1270, 126, 36, 109, 38, 0, 0, 38, '76.00', '0.00', 0, '', 0),
(1271, 126, 37, 110, 15, 0, 0, 15, '37.00', '0.00', 0, '', 0),
(1272, 126, 39, 112, 28, 0, 0, 25, '159.00', '0.00', 3, '', 0),
(1273, 126, 587, 600, 23, 0, 0, 23, '69.00', '0.00', 0, '', 0),
(1274, 126, 35, 108, 31, 0, 0, 31, '93.00', '0.00', 0, '', 0),
(1275, 126, 588, 601, 11, 0, 0, 11, '33.00', '0.00', 0, '', 0),
(1276, 126, 28, 101, 7, 0, 0, 7, '21.00', '0.00', 0, '', 0),
(1277, 126, 22, 97, 17, 0, 0, 17, '42.00', '0.00', 0, '', 0),
(1278, 126, 590, 603, 18, 0, 0, 18, '39.00', '0.00', 0, '', 0),
(1279, 127, 61, 134, 220, 0, 0, 200, '-300.00', '0.00', 0, '还富沅800元\r\n', 0),
(1280, 128, 9, 10, 10, 0, 0, 10, '20.00', '0.00', 0, '', 0),
(1281, 128, 19, 18, 26, 0, 0, 26, '0.00', '65.00', 0, '', 0),
(1282, 128, 21, 96, 54, 0, 0, 54, '0.00', '162.00', 0, '', 0),
(1283, 128, 51, 124, 25, 0, 0, 25, '62.00', '0.00', 0, '', 0),
(1284, 128, 55, 128, 19, 0, 0, 19, '57.00', '0.00', 0, '', 0),
(1285, 128, 63, 136, 22, 0, 0, 22, '55.00', '0.00', 0, '', 0),
(1286, 128, 64, 137, 10, 0, 0, 10, '30.00', '0.00', 0, '', 0),
(1287, 128, 26, 95, 10, 0, 0, 13, '-45.00', '0.00', -3, '', 0),
(1288, 128, 56, 129, 12, 0, 0, 12, '36.00', '0.00', 0, '', 0),
(1289, 128, 59, 132, 22, 0, 0, 20, '55.00', '0.00', 0, '', 2),
(1290, 129, 4, 4, 33, 0, 0, 33, '66.00', '0.00', 0, '', 0),
(1291, 129, 19, 18, 23, 0, 0, 23, '0.00', '57.50', 0, '', 0),
(1292, 129, 595, 609, 21, 0, 0, 21, '52.00', '0.00', 0, '', 0),
(1293, 129, 71, 144, 70, 0, 0, 70, '140.00', '0.00', 0, '', 0),
(1294, 129, 21, 96, 52, 0, 0, 52, '0.00', '156.00', 0, '', 0),
(1295, 129, 12, 7, 12, 0, 0, 12, '24.00', '0.00', 0, '', 0),
(1296, 130, 11, 8, 12, 0, 0, 12, '30.00', '0.00', 0, '', 0),
(1297, 130, 19, 18, 25, 0, 0, 25, '0.00', '62.50', 0, '', 0),
(1298, 130, 21, 96, 51, 0, 0, 51, '0.00', '153.00', 0, '', 0),
(1299, 130, 45, 118, 48, 0, 0, 48, '96.00', '0.00', 0, '', 0),
(1300, 130, 46, 119, 43, 0, 0, 43, '86.00', '0.00', 0, '', 0),
(1301, 130, 55, 128, 18, 0, 0, 18, '54.00', '0.00', 0, '', 0),
(1302, 130, 593, 607, 23, 0, 0, 23, '59.00', '0.00', 0, '1换', 0),
(1303, 131, 7, 12, 10, 0, 0, 10, '30.00', '0.00', 0, '', 0),
(1304, 131, 11, 8, 15, 0, 0, 15, '37.00', '0.00', 0, '', 0),
(1305, 131, 15, 16, 23, 0, 0, 23, '46.00', '0.00', 0, '', 0),
(1306, 131, 6, 13, 14, 0, 0, 14, '35.00', '0.00', 0, '', 0),
(1307, 131, 596, 610, 9, 0, 0, 9, '27.00', '0.00', 0, '', 0),
(1308, 131, 22, 97, 19, 0, 0, 19, '47.00', '0.00', 0, '', 0),
(1309, 131, 24, 99, 15, 0, 0, 15, '45.00', '0.00', 0, '', 0),
(1310, 131, 30, 103, 35, 0, 0, 35, '105.00', '0.00', 0, '', 0),
(1311, 132, 61, 134, 220, 0, 0, 251, '500.00', '0.00', 0, '', -31),
(1312, 132, 58, 131, 20, 0, 0, 19, '75.00', '0.00', 1, '', 0),
(1313, 133, 19, 18, 29, 0, 0, 29, '0.00', '72.50', 0, '', 0),
(1314, 133, 16, 15, 24, 0, 0, 24, '48.00', '0.00', 0, '', 0),
(1315, 133, 21, 96, 67, 0, 0, 67, '0.00', '201.00', 0, '', 0),
(1316, 133, 29, 102, 100, 0, 0, 83, '300.00', '0.00', 0, '', 17),
(1317, 70, 544, 552, 14, 0, 0, 14, '42.00', '0.00', 0, '', 0),
(1318, 70, 451, 369, 13, 0, 0, 13, '0.00', '0.00', 0, '返陈列', 0),
(1319, 70, 533, 541, 12, 0, 0, 12, '36.00', '0.00', 0, '', 0),
(1320, 70, 364, 381, 17, 0, 0, 17, '51.00', '0.00', 0, '', 0),
(1321, 70, 597, 611, 32, 0, 0, 29, '0.00', '96.00', 0, '', 3),
(1322, 70, 419, 362, 30, 0, 0, 22, '220.00', '0.00', 8, '桶押金20/个', 0),
(1323, 70, 421, 430, 20, 0, 0, 20, '60.00', '0.00', 0, '', 0),
(1324, 70, 400, 410, 14, 0, 0, 14, '0.00', '42.00', 0, '', 0),
(1325, 70, 363, 380, 12, 0, 0, 12, '36.00', '0.00', 0, '', 0),
(1326, 70, 429, 438, 25, 0, 0, 25, '0.00', '75.00', 0, '', 0),
(1327, 134, 383, 393, 46, 0, 0, 46, '138.00', '0.00', 0, '', 0);

-- --------------------------------------------------------

--
-- 表的结构 `fn_saler_fuel`
--

CREATE TABLE IF NOT EXISTS `fn_saler_fuel` (
  `id` int(11) NOT NULL AUTO_INCREMENT,
  `salerId` int(11) NOT NULL,
  `rise` int(11) NOT NULL COMMENT '加油量',
  `money` decimal(10,2) NOT NULL COMMENT '金额',
  `date` date NOT NULL,
  `remark` varchar(100) NOT NULL COMMENT '备注',
  PRIMARY KEY (`id`)
) ENGINE=MyISAM  DEFAULT CHARSET=utf8 AUTO_INCREMENT=11 ;

--
-- 转存表中的数据 `fn_saler_fuel`
--

INSERT INTO `fn_saler_fuel` (`id`, `salerId`, `rise`, `money`, `date`, `remark`) VALUES
(1, 1, 10, '100.00', '2018-09-02', ''),
(2, 4, 0, '0.00', '2018-09-16', ''),
(3, 2, 63, '370.00', '2018-09-04', ''),
(4, 2, 51, '300.00', '2018-09-07', ''),
(5, 2, 0, '320.00', '2018-09-10', '无小票'),
(6, 2, 51, '300.00', '2018-09-13', ''),
(7, 2, 56, '330.00', '2018-09-16', ''),
(8, 2, 48, '300.00', '2018-09-19', ''),
(9, 2, 55, '340.00', '2018-09-22', ''),
(10, 2, 55, '340.00', '2018-09-26', '');

-- --------------------------------------------------------

--
-- 表的结构 `fn_site`
--

CREATE TABLE IF NOT EXISTS `fn_site` (
  `id` smallint(5) unsigned NOT NULL AUTO_INCREMENT,
  `name` varchar(50) NOT NULL COMMENT '站点名称',
  `domain` varchar(50) NOT NULL COMMENT '站点域名',
  `setting` text NOT NULL COMMENT '站点配置',
  PRIMARY KEY (`id`)
) ENGINE=MyISAM  DEFAULT CHARSET=utf8 COMMENT='站点表' AUTO_INCREMENT=2 ;

--
-- 转存表中的数据 `fn_site`
--

INSERT INTO `fn_site` (`id`, `name`, `domain`, `setting`) VALUES
(1, 'FineCMS', 'test.finecms.net', '{"SITE_CLOSE":"0","SITE_CLOSE_MSG":"\\u7f51\\u7ad9\\u5347\\u7ea7\\u4e2d....","SITE_NAME":"FineCMS","SITE_TIME_FORMAT":"Y-m-d H:i","SITE_LANGUAGE":"zh-cn","SITE_THEME":"default","SITE_TEMPLATE":"default","SITE_TIMEZONE":"8","SITE_DOMAINS":"","SITE_REWRITE":"6","SITE_MOBILE_OPEN":"1","SITE_MOBILE":"","SITE_SEOJOIN":"_","SITE_TITLE":"FineCMS\\u516c\\u76ca\\u8f6f\\u4ef6","SITE_KEYWORDS":"\\u514d\\u8d39cms,\\u5f00\\u6e90cms","SITE_DESCRIPTION":"\\u516c\\u76ca\\u8f6f\\u4ef6\\u4ea7\\u54c1\\u4ecb\\u7ecd","SITE_IMAGE_RATIO":"1","SITE_IMAGE_WATERMARK":"0","SITE_IMAGE_VRTALIGN":"top","SITE_IMAGE_HORALIGN":"left","SITE_IMAGE_VRTOFFSET":"","SITE_IMAGE_HOROFFSET":"","SITE_IMAGE_TYPE":"0","SITE_IMAGE_OVERLAY":"default.png","SITE_IMAGE_OPACITY":"","SITE_IMAGE_FONT":"default.ttf","SITE_IMAGE_COLOR":"","SITE_IMAGE_SIZE":"","SITE_IMAGE_TEXT":"","SITE_DOMAIN":"www.gyb.com","SITE_IMAGE_CONTENT":0}');

-- --------------------------------------------------------

--
-- 表的结构 `fn_urlrule`
--

CREATE TABLE IF NOT EXISTS `fn_urlrule` (
  `id` smallint(5) unsigned NOT NULL AUTO_INCREMENT,
  `type` tinyint(1) unsigned NOT NULL COMMENT '规则类型',
  `name` varchar(50) NOT NULL COMMENT '规则名称',
  `value` text NOT NULL COMMENT '详细规则',
  PRIMARY KEY (`id`),
  KEY `type` (`type`)
) ENGINE=MyISAM  DEFAULT CHARSET=utf8 COMMENT='URL规则表' AUTO_INCREMENT=9 ;

--
-- 转存表中的数据 `fn_urlrule`
--

INSERT INTO `fn_urlrule` (`id`, `type`, `name`, `value`) VALUES
(1, 3, '栏目规则测试', '{"share_list":"{dirname}-list.html","share_list_page":"{dirname}-list-{page}.html","share_show":"{dirname}-show-{id}.html","share_show_page":"{dirname}-show-{id}-{page}.html","share_search":"","share_search_page":"","tags":""}'),
(2, 4, '站点URL测试', '{"share_list":"","share_list_page":"","share_show":"","share_show_page":"","share_search":"search.html","share_search_page":"search\\/{param}.html","tags":"tag\\/{tag}.html"}');

/*!40101 SET CHARACTER_SET_CLIENT=@OLD_CHARACTER_SET_CLIENT */;
/*!40101 SET CHARACTER_SET_RESULTS=@OLD_CHARACTER_SET_RESULTS */;
/*!40101 SET COLLATION_CONNECTION=@OLD_COLLATION_CONNECTION */;
